qid,name,sibling,spouse
Q100145788,Gabriell Duvall,1,0
Q100145789,Benjamin Duvall,1,0
Q100153033,"John Fettiplace, of East Shefford, Berks",2,1
Q100153035,"Sir Thomas Fettiplace, of East Shefford",0,1
Q100153040,Beatriz|Beatrice,0,1
Q100153041,Joan|Jane Fabian,0,1
Q100153043,"William Besilles, of Bessiles-Leigh",1,2
Q100153044,"Thomas Bessiles (Bessells), of Carswell",0,1
Q100153045,"Sir Peter Besylles (Besells), of Besselslegh & Bokeland, Berks",0,1
Q100153048,Margery Hannys (Hannes),0,1
Q100153051,Clemence Ledyard,0,1
Q100153052,Alice Harcourt,3,2
Q100153064,Margaret Hoo,0,1
Q100326337,Sir William Plumpton,1,0
Q100326381,Agnes Harington,6,0
Q100326382,Matilda|Alice Hamerton,4,0
Q100326446,Elizabeth Norton,2,0
Q100447310,William Winthrop,1,0
Q100447630,Sarah Barber,4,0
Q100447677,Josiah Haynes (Haines),2,0
Q100447686,Elizabeth Noyes,2,1
Q100447816,Thomas Barber,0,1
Q100447820,John Barber,0,1
Q100447822,Elizabeth Lumley,0,1
Q100447825,Jane Bancroft,0,1
Q100900242,"Elizabeth Hamerton, of Wigglesworth",4,0
Q100901131,"Sir John Mainwaring, of Peover",8,0
Q100901145,"Margaret|Margery Bulkeley, of Cheadle",8,0
Q101163257,Sir John Troutbeck,0,1
Q101163261,Marjery Hulse (Holes),3,1
Q101208263,Sarah Judson,6,0
Q101231732,Sybil|Juliana Darset (Dorset),0,1
Q101231755,Elizabeth Beselles (Bessells),1,0
Q101231836,Dorothy|Elizabeth Arundell,4,0
Q101243731,Moses Draper,4,0
Q101422787,Eunice Taintor,5,0
Q101422788,"Nathaniel Foote, III",3,1
Q101422789,"Nathaniel Foote, II",6,0
Q101422798,Margaret Foote,7,1
Q101422800,Catherine Bliss,5,0
Q101422820,Henry Chapin,5,0
Q101422841,Japhet Chapin,5,1
Q101422842,NA,0,1
Q101422852,John Chapin,0,1
Q101422853,Phillipe Easton,0,1
Q101422856,Henry Penny,0,1
Q101422857,Jane,0,1
Q101423104,Michael Spencer,0,1
Q101423105,"John Spencer, of Edworth",0,1
Q101423106,Ann Merrill,0,1
Q101423107,NN,0,1
Q101423222,Josiah Marshfield,7,0
Q101423285,Mary Foote,6,0
Q101423332,Mary Holcombe,7,0
Q101423354,Margaret Parsons,7,0
Q101423445,Hannah Hitchcock,5,0
Q101423697,Samuel Bliss,7,0
Q101423840,Sarah Field,7,0
Q101424359,Margaret Jones,1,0
Q101424361,Ephraim Foote,5,1
Q101424598,"Josiah Foote, Sr",5,0
Q101424633,Thomas Gilbert,7,0
Q101522612,Katherine de Arderne,0,1
Q101522619,Isabel de Strange,0,1
Q101522622,Sir Lawrence Pabenham,0,1
Q101522624,Elizabeth Engaine,0,1
Q101523209,Isabel Nanfan (Nanfant),4,0
Q101523503,Margaret|Margery Appleton,1,0
Q101536506,Anna Gibbs,6,0
Q101566740,NA,0,1
Q101566808,Alice Anne Walton,2,0
Q101566876,James M. Walton,2,0
Q101567015,NA,0,1
Q101568120,NA,0,1
Q102196997,NA,0,1
Q102197014,NA,0,1
Q102197117,NA,1,0
Q102327518,Abia Abiah Swift,3,0
Q102352231,Margaret Bernard,1,0
Q102400157,August Chan Zuckerberg,2,0
Q102400428,NA,0,1
Q102433534,Preston Bezos,4,0
Q102433548,second son of Jeff Bezos,4,0
Q102433555,third son of Jeff Bezos,4,0
Q102434015,Lawrence Preston Gise,0,1
Q102434144,Mattie Louise Strait,0,1
Q102434206,Theodore John Jorgensen,0,1
Q102434217,Dolores Pollack,0,1
Q102522194,Joseph Howland,3,1
Q10322797,NA,0,1
Q103519605,Abigail Swift,3,0
Q103838063,"Nicholas Harington, of Hoyton",6,0
Q103948038,"Richard Danvers, of Calthorpe",0,1
Q103948067,Agnes Brancaster (Brancestre),0,1
Q103948114,Juliana,0,1
Q104038132,Lancelot Lisle,0,1
Q104038136,John Lisle,0,1
Q104038141,John de Lisle,0,1
Q104038143,Christina de Tisted,0,1
Q104038144,Maria Rogers,0,1
Q104038147,Ann Wroughton,0,1
Q104038154,"Sir John Hungerford, of Down Ampney",0,1
Q104038156,"Margaret Blount, of Mangotsfield",0,1
Q104038158,Jane Darell,0,1
Q104038161,"Sir Edward Darell, of Littlecote",2,1
Q104038162,Jane|Alice Croft,6,1
Q104038164,Bridget Fettiplace,2,1
Q104038166,"Sir John Fettiplace, of East Shefford",1,1
Q104038170,Dorothy Danvers,4,2
Q104038174,Anne Stradling,0,1
Q104038224,"William Bond, of Lutton",0,1
Q104038225,"Robert Bond, of Lutton",1,1
Q104038227,"Robert Bond, of Beauchamp's Bache",0,1
Q104038228,"NN Lutton, Heiress of Lutton",0,1
Q104038231,Mary Hody,3,1
Q104038234,Elizabeth Prowz,1,1
Q104038267,Alienore|Aline|Alianore Le Strange,0,1
Q104038271,Christian Halle (Hall),0,1
Q104038274,"Sir Edmund|John Blount, of Mangotsfield",0,1
Q104038276,"John Blount, of Mangotsfield",0,1
Q104038279,Willelma Aberle,0,1
Q104038280,Thomas Abarle (Aberle|Aberhale),0,1
Q104038282,Alice Lathebrooke,0,1
Q104038284,Margaret Seymour,3,1
Q104038325,Joan|Jane Hawte (Haute),4,1
Q104038327,"Sir Edmund Hawte (Haute), of Petham",0,1
Q104038328,Benedicta|Bennet Shelving,0,1
Q104038330,"Sir Thomas Coven (Couen|Cawne), of Ightham, Kent",0,1
Q104038332,Lora de Moraunt,0,1
Q104038398,"Richard Danvers, of Prescote",7,1
Q104038400,Elizabeth Langston,1,1
Q104038402,"John Langston, of Caversfield",0,1
Q104038405,Elizabeth Grimsby,0,1
Q104038408,"Sir John Stradling, of Dauntsey",0,1
Q104038411,"Sir Edmund Stradling, of Winterbourne",0,1
Q104038416,Joan Dauntsey,0,1
Q104038423,Elizabeth Arundell,4,1
Q104038428,Alice Langford,3,1
Q104038429,"Edward Langford, of Bradfield",0,1
Q104038432,Sir Robert Langford,0,1
Q104038437,Elizabeth,0,1
Q104038438,Sanche Blount,4,1
Q104038460,George de Lisle,0,1
Q104038463,"John de Lisle, Baron Lisle",0,1
Q104038466,"Sir John de Lisle, Lord Lisle",0,1
Q104038489,Elizabeth,0,1
Q104038491,Margery Bremshote,0,1
Q104038496,Ann Montgomery,0,1
Q104038604,"John Puleston, of Emral",5,0
Q104038606,Angharad Hanmer,1,0
Q104038718,"James Digges, of Digges Court",1,0
Q104038721,"John Digges, of Digges Court",0,1
Q104038723,Joan Clifton,3,1
Q104038726,"Sir Gervase Clifton, of Clifton & Hodsock",0,1
Q104038728,Isabel Franceys,0,1
Q104038730,Isabel Finch alias Herbert,1,1
Q104038732,"Vincent Finch alias Herbert, of Netherfield",0,1
Q104038734,Isabel Cralle,0,1
Q104038772,Elizabeth Guildford,2,0
Q104073325,Samuel St. John,3,0
Q104451404,Samuel Foote,3,0
Q104472010,"Sir Thomas (I) Greene, of Greene's Norton",2,0
Q104472077,"Sir James Beler, of Eye-Kettleby",0,1
Q104472085,Margaret de Bernake (Barnard|Bernard|Bernack),0,1
Q104472110,"Sir John Leeke, of Cotham",2,0
Q104472588,"John Thwaites, of Thwaites, Denton",2,0
Q104473733,NA,0,1
Q104473746,"Cecily Cornwall, of Burford",1,1
Q104484521,"Elizabeth Mainwaring, of Over Peover",8,0
Q1045098,Bud Walton,2,1
Q104551518,Patience Case,4,0
Q104553386,"Daniel Foote, of Wethersfield",3,0
Q104787347,Rebecca (Marvin) Clark,6,0
Q104799495,Elizabeth Mallory,3,0
Q104913506,Elizabeth Collamore,2,0
Q105270138,NA,1,0
Q105767146,William Everard,0,1
Q105767152,Isabel Bedel,0,1
Q105767157,Thomas Cornish,0,1
Q105767160,Eden|Idonea Hunt,0,1
Q105767165,John Hunt,0,1
Q105767170,Margaret Pecche,0,1
Q105768323,Elizabeth Markenfeld,2,0
Q105770107,"Richard Pigott, of Ripon, Yorks",1,0
Q105770170,"John de Grey, 2nd Lord Grey of Rotherfield",2,0
Q105770210,John Belknap,0,1
Q105770214,Alice Belknap,0,1
Q105771120,Margaret Tunstall,1,0
Q105790237,Thomas Danvers,4,1
Q105790239,NA,0,1
Q105791234,"John Green, of Drayton",1,0
Q105793092,William Jermyn,0,1
Q105793095,Christian,0,1
Q105793099,"William Bernard, of Isleham",0,1
Q105793104,Agnes,0,1
Q105793107,"Sir Nicholas Lillying, of Abingdon, et.at.",0,1
Q105793110,Isabel,0,1
Q105793162,Alice Uvedale,1,0
Q105794613,Henry Frowick,0,1
Q105794618,Alice de Cornhill,0,1
Q105794655,Edward Gillford or de Guldeford,0,1
Q105794658,Sir William de Guildford,0,1
Q105794662,"Joan de Halden, of Halden, Kent",0,1
Q105794667,Julian Pitlesden,0,1
Q105794787,"William Finch, of Netherfield",1,0
Q105801355,Katherine|Margred Gwrgan (Wogan),0,1
Q105801357,"Thomas Mead (atte Mede), of Meadsplace, Som",0,1
Q105801359,Agnes,0,1
Q105801465,Margaret Langford,3,0
Q105802183,Catherine Clifton,2,0
Q105802227,"Henry Danvers, of London",7,0
Q105802962,Sanchia Langford,3,0
Q105803073,"William Bond, of Buckland",1,0
Q105803167,Isabel Constable,3,0
Q105803190,"Reinallt ap Huw Hen Conwy, of Bryneuryn",4,0
Q105803191,"Huw ap Robin ap Gruffudd Gôch Conwy, of Bryneuryn",2,1
Q105803193,Robin ap Gruffudd Gôch ap Dafydd ap Madog of Rhôs,1,1
Q105803194,Gruffudd Gôch ap Dafydd ap Madog ap Meurig of Rhôs,0,1
Q105803195,Efa ferch Ieuan ab Einion Grach ap Llywarch,0,1
Q105803196,Erddylad ferch Llywelyn ap Tudur ap Dafydd,0,1
Q105803198,Llywelyn ap Tudur ap Dafydd,0,1
Q105803199,Elizabeth Salusbury,7,1
Q105803201,"Henry 'Hen' Salusbury, of Lleweny",0,1
Q105803202,Annes Courtois (Curteis),0,1
Q105803203,"Elizabeth Done, of Utkinton",2,1
Q105803204,"Sir John Done, of Utkinton",3,1
Q105803205,Cecily Troutbeck,1,1
Q105803208,Annes ferch Owain ap Meurig,8,0
Q105803210,Owain ap Meurig ap Llywelyn of Bodeon,2,1
Q105803219,Gwenhwyfar ferch Meurig Llwyd ap Meurig Fychan an Ynyr Fychan,4,1
Q105803226,Angharad ferch Hywel ap Tudur ab Ithel Fychan ap Maredudd,1,1
Q105803227,Hywel ap Tudur ab Ithel Fych ab Ithel Llwyd ab Ithel Gam ap Maredudd,1,1
Q105803228,Lleucu Llwyd ferch Rhys ap Robert ap Gruffudd ap Hywel,6,1
Q105803230,"Elen ferch Robert ap Maredudd Llwyd, of Glynllifon",5,1
Q105805051,Sir Adam Bostock,1,0
Q105805204,Margery Knolles (Knowles|Knollys),1,0
Q105805206,"Thomas Knollys, of North Mymms",1,1
Q105805208,Isabell,0,1
Q105805964,"William Stradling, of Ruthin",2,0
Q105814234,"Robert ap Thomas Hen Salusbury, of Llyweni",7,0
Q105814299,Gruffudd Fychan ap Gruffudd ab Einion ap Gruffudd of Cors Gedol,5,0
Q105814328,Gwenhwyfar ferch Madog ab Ieuan of Pennarth,1,0
Q105814336,Iorwerth ab Einion ap Gruffudd ap Llywelyn of Ynys y Maengwyn,4,0
Q105814350,Hywel ap Gruffudd Gôch ap Dafydd ap Madog of Rhôs,1,0
Q105814392,"Rhys ap Dafydd ap Hywel ap Gruffudd of Maesmor, lord of Rûg",3,0
Q105814399,Margred ferch Robin ap Gruffudd Gôch ap Dafydd,2,0
Q105815259,"Jane Thwaites, of Denton",2,0
Q105815261,"Sir Geoffrey Pigott, of Clotherham",1,0
Q105815865,Lowri ferch John ap Maredudd,8,0
Q105815874,"Gruffudd ap Robert ap Gruffudd ap Hywel Vaughan, of Plas Hen (Talhenbont)",5,0
Q105815877,Owain ap John ap Maredudd ab Ieuan ap Maredudd of Ystum Cegid,8,0
Q105816792,Margery|Margaret Danvers,2,0
Q105818325,Robert de Worsley,0,1
Q105818326,Isabel,0,1
Q105818328,Sara de Stockport,0,1
Q105818329,Dafydd ab Ednyfed Gam ab Iorwerth Foel,6,1
Q105820812,Philippa Hungerford,9,0
Q105821250,Edmund Cornewall,1,1
Q105821251,NA,0,1
Q105821280,Margaret Mainwaring,8,0
Q105842388,Anne Mallory,3,0
Q105871915,"Rowland Bulkeley, of Cheadle",3,0
Q105872022,"Edward Sackville, of Emmington",0,1
Q105872025,Margaret Wakehurst,1,1
Q105872162,"William Troutbeck, of Dunham",0,1
Q105872165,Joan le Mascy de Rixton,0,1
Q105872168,"Thomas Hulse (Holes), of Branstath",0,1
Q105872441,Elizabeth Croft,6,0
Q105872843,Joane,0,1
Q105873237,Antiocha|Mary Hawkwood,1,0
Q105873559,Anne Danvers,4,0
Q105877768,Hannah Marvin,6,0
Q105881952,Thomas Gates,4,1
Q105881953,Stephen Gates,0,1
Q105881954,Ann Neave,0,1
Q105881956,Elizabeth Freeman,2,1
Q105881957,John Freeman,2,1
Q105901127,Moses Phillips,1,0
Q105904625,George Woolsey II,1,0
Q105904628,Rebecca Woolsey,6,0
Q106630002,Lloyd Preston Gise,0,1
Q106630003,Rebecca Mabel Hall,0,1
Q106630007,Henrietta Trammell,0,1
Q106630009,Thomas King Hall,0,1
Q106630013,Yancy Clarence Straight (Strait),1,1
Q106630015,Marie A Strait,0,1
Q106630017,John Joseph Strait,0,1
Q106630018,Martha Eudora Strait,0,1
Q106630021,Robert Hall,0,1
Q106630022,Mary Minerva Polly,0,1
Q106630024,James Brown Hall,0,1
Q106630025,Rebecca Hall,0,1
Q106630027,"John Gladden King, Sr",0,1
Q106630028,Parmelia Millie King,0,1
Q106630032,John Joseph Strait,0,1
Q106630036,Mary S. Boyd,0,1
Q106630037,"James Strait, Sr.",0,1
Q106630038,"Margaret ""Peggy"" Strait",0,1
Q106630039,James Boyd,0,1
Q106630040,"Margaret ""Mary"" Lewis",0,1
Q106630046,"Christopher Strait, Sr.",0,1
Q106630047,Mary Strait,0,1
Q106630048,Johann L. Strait,0,1
Q106630050,Margaret Elizabeth Mannesse,0,1
Q106630051,"Henry J Huddleston, Jr.",0,1
Q106630052,Mary Huddleston,0,1
Q106634326,William James Thompson,0,1
Q106634327,Ida Thompson,0,1
Q106634328,Barker Lovell Thompson,0,1
Q106634329,Caroline M Thompson,0,1
Q106634331,John Theophilus Medcalf,0,1
Q106634332,Susan Elizabeth Medcalf,0,1
Q106634341,William Medcalf,0,1
Q106634342,Martha Ann Medcalf,0,1
Q106634343,William Medcalf,0,1
Q106634344,Martha Medcalf,0,1
Q106634345,William Binns,0,1
Q106634346,Elizabeth Binns,0,1
Q106637360,"Sir John Mallory, of Studley Royal",2,0
Q106703058,"John Done, of Utkington",2,0
Q106703059,"John Done, of Utkinton",0,1
Q106703060,"Elizabeth Dutton, of Dutton",2,1
Q106703520,"Sir John de la Pole (Mawddwy), Lord of Mawddwy (Mowthwy)",4,0
Q106840898,John Cornell,6,0
Q107182874,John Morton,4,0
Q107182881,Ephraim Morton,4,0
Q107182892,Eldad Tupper,6,0
Q107182929,Sarah Buck,6,1
Q107182930,Patience Morton,4,0
Q107182982,Mary Harlow,6,0
Q107263364,Sibylla Thwaites,3,0
Q107263368,Anne Norton,3,0
Q107263388,"Dorothy Mallory, of Studley",3,0
Q107273446,William Hooker Rice,0,1
Q107273447,Charles Rice,0,1
Q107273448,Sarah Rice,0,1
Q107273451,Isabella Rice,0,1
Q107273453,John Sanderson,0,1
Q107273455,Elizabeth Sanderson,0,1
Q107273461,Julius Hopkins Rice,0,1
Q107273462,Rowena Rice,0,1
Q107273463,NN Rice,0,1
Q107273464,Seth Rice,0,1
Q107273475,Seth Rice,0,1
Q107273491,Sarah Rice (Lynde),0,1
Q107273510,Mary Willet Ried Newman,0,1
Q107273516,Thomas N. Ried,0,1
Q107275528,"Sir Richard Hamerton, of Wigglesworth",4,0
Q107275540,"Matilda Thwaites, of Lofthouse",3,0
Q107276596,"Sir William Lisle, of Wodyton",9,0
Q107276944,"Thomas|John Hody (Huddy), of Kington Magna",0,1
Q107276946,Adam Hody,0,1
Q107276949,Isabel Gilbarde,0,1
Q107276950,Margaret Cole,0,1
Q107276954,"John Cole, of Nethaway",0,1
Q107276960,Margaret,0,1
Q107279015,Mary Shelley,3,0
Q107279030,Anne|Mary Sidney,0,1
Q107279039,Joan Bellers (Beler),1,1
Q107279081,Katherine Tunstall,4,0
Q107296253,Elizabeth Belding,3,0
Q107302831,Rachel Osborn,3,0
Q107311251,Priscilla Fuller,2,0
Q107622034,Sarah Olcott,5,0
Q107726773,"Nathaniel Foote, IV",5,0
Q108102593,Elizabeth Fish,5,0
Q108102594,William Hallett Jr.,3,1
Q108102597,Sarah Hallett,1,1
Q108639142,Isaac Brush,1,0
Q108678485,Mercy Holmes,6,0
Q108687426,"Michael Spencer, of Lynn",3,0
Q108687502,Joseph Freeman,2,0
Q108688237,"Captain Samuel Doty, I, of Piscataway",6,0
Q108852634,Mehitable Cone,9,0
Q108852636,"Gerard Spencer, II",3,0
Q108913086,Katherine Harington,6,0
Q109688636,Elder Thomas Faunce,6,0
Q109733549,Abigail Forbes,3,0
Q109852879,Jane FitzWilliam,3,0
Q109852954,Katherine|Catherine de Drayton,0,1
Q109852963,Maud Mauduit,0,1
Q109852964,"Sir Thomas de Mauduit, of Warminster",0,1
Q109852970,Joan,0,1
Q110066650,"Sir Edmund Rede (Reade), of Boarstall",1,0
Q110067038,Elizabeth Danvers,2,0
Q110067063,Anthony Fettiplace,2,0
Q110067527,Joan Coningsby,9,0
Q110067748,"John 'Hen' Trevor, of Brynkinault",3,0
Q110067779,Margred ferch Ieuan ap Gruffudd ap Hywel,3,0
Q110067802,Nest ferch Meurig Llwyd ap Meurig Fychan ab Ynyr Fychan,4,0
Q110067840,Angharad (1) ferch Gruffudd Fychan ap Gruffudd ap Dafydd Gôch,5,0
Q110067841,Gwenhwyfar ferch Einion ab Ithel ap Gwrgeneu Fychan of Rhiwaedog,1,0
Q110067842,Margred ferch Madog ab Elise ab Iorwerth,0,1
Q110067846,Gwerful ferch Tudur Fychan ap Gronwy,7,1
Q110103440,Robert Shelley,0,1
Q110103442,Elizabeth Petit,0,1
Q110103578,NN,0,1
Q110152890,NN ferch Sir Thomas Barry,3,0
Q110248869,Jane|Joan Norton,1,0
Q110290123,Huw ap Llywelyn ap Hwlcyn of Presaddfed,3,0
Q110290124,Jonet Bulkeley,3,0
Q110290140,Marsli ferch Gruffudd ap Hywel ap Madog,2,0
Q110290212,Mallt ferch Rhys ap Tudur ap Gronwy ap Tudur,1,0
Q110290213,Gwenhwyfar ferch Hywel Fychan ab Ieuan ap Meredudd ap Hywel ap Dafydd,4,0
Q110290214,Hywel Fychan ab Ieuan ap Maredudd ap Hywel ap Dafydd,2,0
Q110290218,"John Owen, of Llanfaethlu",8,0
Q110290233,Gwenhwyfar ferch Llywelyn ab Edmund ap gruffudd,0,1
Q110290288,Gwenhwyfar ferch Ynyr Fychan,6,1
Q110290321,Gruffudd ap Hywel Coetmor ap Gruffudd Fychan ap Gruffudd of Penmachno,3,1
Q110290322,Hywel Coetmor ap Gruffudd Fychan ap Gruffudd ap Dafydd Gôch,5,1
Q110290323,Gwenllian ferch Rhys ap Robert ap Gruffudd,6,1
Q110290324,Myfanwy ferch Llywelyn ab Owain Hên ap Gruffudd,1,1
Q110290325,Llywelyn ab Owain Hên ap Gruffudd ab Owain of Cae'rgerrig,1,1
Q110290326,Angharad ferch Gronwy ap Tudur ap Dafydd,0,1
Q110290362,Gruffudd ap Llywelyn ap Hwlcyn of Chwaen Hen,3,0
Q110290363,Catrin ferch John ap Maredudd,8,0
Q110290366,Rhys ap Gruffudd ap Madog Gloddaith ap Madog Fychan of Gloddaeth,1,1
Q110290367,Gwerful Gôch ferch Dafydd Fychan ap Dafydd Llwyd ap Cynwrig of Trefeilir,5,1
Q110290369,Angharad ferch Gwilym ap Gruffudd ap Gwilym of Penrhyn,3,0
Q110290374,Rhys ab Ieuan Llwyd ap Gruffudd ap Gronwy,7,0
Q110290377,Lowri ferch Hywel ap Madog ab Ieuan,5,0
Q110290381,Jonet ferch Robert ap Maredudd ap Hwlkin Llwyd,5,0
Q110290420,Gwenhwyfar ferch Hywel Coetmor ap Gruffudd Fychan ap Gruffudd,3,0
Q110290421,Gruffudd Fychan ap Gruffudd ap Dafydd Gôch,0,1
Q110290444,Gwen ferch Gruffudd ap Llywelyn ap Cynwrig,2,0
Q110290447,Gwerful ferch Ieuan ab Einion ap Gruffudd,6,0
Q110290454,Tudur ap Dafydd Fychan ap Dafydd ab Einion Fychan of Betws-yn-Rhôs,1,1
Q110290455,Angharad ferch Llywelyn ap Gronwy Fychan ap Gronwy,1,1
Q110290456,Gwenllian ferch Rhys ap Gruffudd ap Madog ap Madog Fychan of Gloddaeth,2,1
Q110290457,Ralph Salusbury,3,1
Q110290458,Margred ferch Ieuan ap Cadwgan ap Llywarch Fychan,0,1
Q110290483,Meurig Llwyd ap Meurig Fychan ab Ynyr Fychan ab Ynyr of Nannau,0,1
Q110290485,Mallt ferch Hywel Pickill ap Meurig ap Sandde ap Dafydd,0,1
Q110290488,Efa (2) ferch Gruffudd Gôch ab Adda ap Madog,2,0
Q110290493,Mallt ferch Madog Gloddaith ap Madog Fychan ap Madog,0,1
Q110290494,Gruffudd ap Gronwy ap Hywel ap Cynwrig,0,1
Q110290495,Tangwystl ferch Gwrgeneu Fychan ap Gwrgeneu ap Meurig,0,1
Q110290503,Tudur ab Ithel Fychan ab Ithel Llwyd ab Ithel Gam ap Maredudd,0,1
Q110290504,Erddylad ferch Madog ap Llywelyn ap Griffi ap Cadwgan,0,1
Q110290595,Rhys ap Hywel ap Llywelyn ap Hywel of Llanfwrog,4,0
Q110290615,Angharad ferch Tudur ap Gronwy ap Tudur Hên,7,0
Q110290650,"Edmund Bulkeley, of Conway",3,0
Q110290732,Gwenllian ferch Ieuaf ab Adda ab Awr,5,0
Q110290760,Sir Thomas Salusbury,7,0
Q110290793,William Salusbury,0,1
Q110290796,"John Donne (Done), of Utkinton",0,1
Q110290797,Agnes de Helton,0,1
Q110314384,Isabel Russell,2,0
Q110315639,Anne Worsley,3,0
Q110315640,Richard Hawte,4,0
Q110315923,Anne Wakehurst,1,0
Q110315924,"Richard Wakehurst, of Ardingley",0,1
Q110315926,"Elizabeth Etchingham, of Dixter",0,1
Q110388260,Margaret Norton,2,0
Q110388713,Margred ferch Dafydd ap Gwion Llwyd ap Dafydd ap Madog,2,0
Q110388722,Lleucu ferch Gronwy ap Gruffudd ap Madog,0,1
Q110388809,Margred ferch Gronwy ab Iorwerth (of Llai) ap Dafydd Hên ap Gronwy of Moreton,2,0
Q110389233,"Constance Salusbury, of Lleweny",7,0
Q110390618,Angharad (2) ferch Rhys ap Robert ap Gruffudd,6,0
Q110395388,Jane Darrell (Darnell),4,0
Q110398821,"Elizabeth de la Haye, of Spaldington",3,0
Q110413433,Margred ferch Ynyr Vaughan ab Ynyr ap Meurig,6,0
Q110413550,Margred ferch Ednyfed Gam,6,0
Q110413620,Myfanwy ferch Ednyfed ap Tudur ap Gronwy,1,0
Q110414057,Dafydd ap Rhydderch ab Ieuan Llywd ab Ieuan of Parc Rhydderch,7,0
Q110414097,Hywel Selyf ap Meurig Llwyd ap Meurig Fychan ab Ynyr Fuchan of Nannau,4,0
Q110414098,Mali ferch Einion ap Gruffudd ap Llywelyn,4,0
Q110426943,"Sir Thomas Sackville, of Buckhurst",0,1
Q110426946,Margaret Dallingridge,0,1
Q110427118,Anne Dennis,2,0
Q110439050,Jane Sackville,4,0
Q110439078,Elizabeth Shelley,3,0
Q110439565,Tudur Fychan ap Gwilym ap Gruffudd ap Gwilym of Penrhyn,3,0
Q110439568,Gronwy Fychan ap Tudur Fychan ap Gronwy of Penmynydd,7,0
Q110439571,"Annes Puleston, of Emral",5,0
Q110440649,"Sir Alexander Metham, of Metham",1,0
Q110441213,Rev. Huw Humphreys,0,1
Q110441214,Jane ferch Thomas Hughes,0,1
Q110441294,Maredudd ap Cynwrig ap Maredudd Ddû ap Gronwy of Porthamel,1,0
Q110441300,John ap Gronwy ab Ieuan ab Einion of Gwynfryn,5,0
Q110441302,Annes ferch Gruffudd ap Llywelyn ap Gruffudd,5,0
Q110441308,Alice ferch Robert ap Gruffudd Vaughan,5,0
Q110441345,Rhys ap Hywel ap Madog of Tregayan,5,0
Q110441347,Mallt ferch Rhys ap Gruffudd of Gloddaeth,2,0
Q110441357,Einion ap Hywel Coetmor ap Gruffudd Fychan ap Gruffudd,3,0
Q110441380,Elen ferch Owain ap Meurig,8,0
Q110441439,Morfudd ferch Dafydd Fychan ap Dafydd Llwyd,5,0
Q110441477,Cwnws ap Dafydd Fychan ap Dafydd Llwyd of Trefeilir,5,0
Q110441484,Robert ab Owain ap Meurig ap Llywelyn,8,0
Q110441495,Rhys ap Llywelyn ap Hwlcyn,3,0
Q110441504,Ieuan ap Rhys ab Ieuan of Pengwern,2,0
Q110441561,Gwerful ferch Ieuan Llwyd ap Gruffudd ap Gronwy,9,0
Q110441658,Lleuki ferch Cynwrig Sais ab Ithel Fychan ab Ithel Llwyd,0,1
Q110441662,Margred ferch Gruffudd ap Llywelyn,5,0
Q110441723,Mallt ferch Hwlcyn ap Hywel,1,0
Q110441759,Angharad ferch Hywel y Farf,4,0
Q110441818,Ieuan ap John ap Maredudd of Wern & Brynkir,8,0
Q110441833,Elen ferch Llywelyn ap Hywel,2,0
Q110503411,John Drake,0,1
Q110503412,Hannah Moore,0,1
Q110507661,Sir Thomas Rempston,1,0
Q110521016,Joan le Strange,4,0
Q110526216,Amy Whetehill,1,0
Q110582255,"Richard|Ralph Brereton, of Cheshire",3,0
Q110582273,Tudo ferch Meurig Llwyd ap Meurig Fychan ab Ynyr Fychan of Nannau,4,0
Q110582467,Dyddgu ferch Llywelyn ap Gronwy Fychan ap Gronwy,1,0
Q110582468,Llywelyn ap Gronwy Fychan ap Gronwy ab Ednyfed Fychan,0,1
Q110582483,Gwerful ferch Robert ap Gruffudd ap Hywel,0,1
Q110586133,"Jane Done, of Utkinton",3,0
Q110615670,Cecily Norton,3,0
Q110615916,Elizabeth Thwaites,1,0
Q110635115,Catrin ferch Owain ap Meurig ap Llywelyn of Bôdeon,8,0
Q110635170,Gwen ferch Thomas Vaughan,1,0
Q110635203,Cwnws ap Hywel ab Iorwerth Ddû ap Gruffudd of Traphwll,2,0
Q110635206,Mallt ferch Dafydd Fychan ap Dafydd Llwyd,5,0
Q110635290,"John Griffith, of Cefnamwich",1,0
Q110635332,Margred ferch Ieuan ab Einion ap Gruffudd,6,0
Q110635333,Gwladys ferch Ieuan Llwyd ap Gruffudd ap Gronwy,7,0
Q110635335,Margred ferch Gruffudd Fychan ap Gruffudd ap Dafydd Gôch,5,0
Q110635501,Gruffudd Gôch ab Adda ap Madog ap Maredudd,0,1
Q110635502,NN ferch Brochdun,0,1
Q110635503,Angharad ferch Tudur ap Dafydd ap Tudur,0,1
Q110635525,John ab Ieuan ap Maredudd ap Hywel,2,0
Q110635570,Margred ferch Gruffudd ap Hywel,2,0
Q110635724,Hywel Fychan ab Ieuan ab Einion ap Gruffudd of Bron-y-Foel,6,0
Q110635733,Rhys Gethin ap Gruffudd Fychan of Hendre Rhys Gethin,5,0
Q110635735,Morfudd ferch Hywel ap Meurig Fychan ab Ynyr Fychan,1,0
Q110635799,Elen ferch John ap Maredudd (of Ystumcegid) ab Ieuan ap Maredudd,8,0
Q110636352,Efa ferch Rhys ab Ieuan ap Rhys,3,0
Q110636355,Nest ferch Dafydd ap Maredudd ab Ieuan,2,0
Q110636422,Gwladus ferch Gruffudd ap Hywel Y Pedolau ap Gruffudd,0,1
Q110636509,Catrin ferch Maredudd ap Hwlkin Llwyd of Glynllifon,3,0
Q110636637,Madog ap Hywel ap Madog ab Ieuan of Pennarth,5,0
Q110636771,Lleucu ferch Dafydd Fychan,1,0
Q110636772,Dafydd Fychan ap Dafydd ab Einion Fychan ab Einion Ddû,0,1
Q110636774,Gwerful ferch Adda ap Gruffudd ap Madog,0,1
Q110636843,Marsli (2) ferch Maredudd ap Hywel ap Dafydd,3,0
Q110636987,Rhys ab Ieuan ab Einion ap Gruffudd,2,0
Q110637025,Angharad ferch Maredudd ap Hwlkin Llwyd of Glynllifon,3,0
Q110637470,"James Fettiplace, of Maidencourt",2,0
Q110639014,"Sir John FitzWilliam, of Sprotborough",3,0
Q110653616,"Samuel Spencer, of Haddam",9,0
Q110653629,Hannah Brainerd,9,0
Q110662599,Margred ferch Meurig ap Llywelyn,2,0
Q110730675,Anne Guildford (Guldeford),1,0
Q111452933,Alice Berkeley,9,0
Q111465022,"Janet Done, of Utkinton",2,0
Q111466622,Anne Shelley,4,0
Q111466684,John de Cornhill (Cornwall|Cornwell),0,1
Q111466689,Matilda|Elizabeth,0,1
Q111525144,John Markenfield,2,0
Q111863595,Margaret Hand,2,0
Q111917395,Margaret Owen,2,0
Q111971814,Margaret Coningsby,9,0
Q111996102,Jane Mallory,1,0
Q112219957,Mary Hall,7,0
Q112382716,Eleanor Thwaites,1,0
Q112382969,Joan (or Elizabeth) de Thwenge,2,0
Q112382975,"Elizabeth Constable, of Halsham",2,0
Q112531178,Margred ferch Huw ap Robin ap Gruffudd Gôch Conwy,4,0
Q112533675,Gwerful Fychan ferch Hywel ap Madog ab Ieuan,5,0
Q112943051,Jane Hungerford,4,0
Q112943139,Ann Stafford,1,0
Q113336067,Abigail Bouton,6,0
Q114341842,Mehitable Ingraham,5,0
Q114341843,Frances Barnard,6,1
Q114436518,Elizabeth Clarke,7,0
Q114797128,Sgt. Obadiah Dickinson,6,0
Q114797156,Rebecca Smith,5,0
Q114797157,Sgt. John Dickinson,6,1
Q114797163,Sarah Foote,1,1
Q114797165,Mercy Chamberlin,5,0
Q114797199,John Dickinson,5,0
Q114797208,"Samuel Dickenson, I",6,0
Q114797209,Hezekiah Dickenson,6,0
Q114797983,Jeremiah Keeler,0,1
Q114797984,"Jonah Keeler, Jr.",1,0
Q114832034,Faith Foster,2,0
Q115287292,Rachel Smith,6,1
Q115563954,Elizabeth Camp,2,0
Q115573795,Mindwell Loomis,7,0
Q115575022,"Marah ""Alice"" Shaylor",9,0
Q115575170,Rebecca Ackley,1,0
Q115575171,John Spencer,9,0
Q115575390,Timothy Spencer,9,0
Q115575415,Thomas Lawrence Spencer,9,0
Q115655966,Hannah Higley,7,0
Q115656445,David Barber,3,0
Q115656448,Ruth Barber,7,1
Q115678575,Joanna Vaughan,2,0
Q115707595,Esther Colton,7,0
Q115714596,John Jermyn,0,1
Q115714609,Joane,0,1
Q115714610,"Gilbert Bernard, of Isleham",0,1
Q115714616,Claricia,0,1
Q115779527,Susanah Collamore (Oakman),2,1
Q115779539,"Collamer, I",0,1
Q115779540,Peter Collamore,2,0
Q115861033,"Enoch Drake, I",7,0
Q115904050,Mary Marshall,7,0
Q116026824,"John Norton, of Norton Conyers",3,0
Q116029022,"Simon Leke (Leeke), of Cotham",2,0
Q116042263,"John Bamfield, of Poltimore",1,0
Q116042288,"Constantine Darell, of Collingbourne",4,0
Q116054227,Elizabeth|Joanna Villiers,1,0
Q116054296,Elizabeth,0,1
Q116054343,Elizabeth Hungerford,2,0
Q116054485,Iorwerth ab Ieuan ab Adda ab Iorwerth Ddû ab Ednyfedd Gâm of Plâs Newydd,1,0
Q116054596,Angharad Barre,3,0
Q116054866,Hywel ab Ynyr Fychan ab Ynyr ap Meurig,6,0
Q116058827,Thomas Tunstall,4,0
Q116108311,"William Fettiplace, of Stokenchurch",2,0
Q116108905,Margred ferch Dafydd ab Endyfed Gam ab Iorwerth Foel,1,0
Q116108912,Morfudd ferch Gruffudd Fychan ap Gruffudd ap Madog Fychan,4,0
Q116110812,Gruffudd ap Maredudd Ddû ap Gruffudd ap Maredudd,1,0
Q116115071,Dafydd Llwyd ab Ithel ap Gwrgeneu Fychan ap Gwrgeneu,1,0
Q116118346,Elizabeth Wydville,1,0
Q116125148,"Eleanor Done, of Utkinton",3,0
Q116136480,"Joan Scott, of Scott's Hall",3,0
Q116145424,Joyce Worsley,3,0
Q116145528,Margred ferch John ap Maredudd ab Ieuan,8,0
Q116146711,Rhys ap Rhydderch ab Ieuan Llwyd ab Ieuan,7,0
Q116146762,Gwladus ferch Dafydd ap Hywel ap Gruffudd of Rûg,3,0
Q116147192,Lleucu ferch Maredudd ab Ieuan Gôch ap Dafydd Gôch,2,0
Q116147485,Robin|Rotpert Llwyd ap Rhys ap Robert ap Gruffudd,6,0
Q116147488,Owain Fychan ab Owain Hên ap Gruffudd ab Owain of Llangwm,1,0
Q116147489,Gwenllian ferch Tudur ab Ithel Fychan ab Ithel Llwyd,1,0
Q116147492,Owain Hên ap Gruffudd ab Owain,0,1
Q116147493,NN ferch Cynwrig Fychan ap Cynwrig ap Llywarch,0,1
Q116147503,Gronwy ap Tudur ap Dafydd ap Rhirid,0,1
Q116147509,Margred ferch Llywelyn Ddû ap Gruffudd ab Iorwerth Foel,0,1
Q116147642,Mabli ferch Dafydd ap Rhys ab Ieuan,1,0
Q116147659,Annes ferch Huw Conwy,4,0
Q116147728,Angharad ferch Ynyr Fychan ab Ynyr ap Meurig,6,0
Q116147758,Mali Llwyd ferch Ieuan Llwyd ap Gruffudd ap Gronwy,9,0
Q116147967,Marsli ferch Edmund Stanley,3,0
Q116148115,"John ap Robin ap Gruffudd Gôch ap Dafydd Conwy, of Plas ucha",2,0
Q116148116,Nest ferch Gruffudd ap Hywel Coetmor,2,0
Q116148156,Gwenhwyfar ferch Edmund Stanley,3,0
Q116155939,Gwilym ab Ieuan Llwyd ap Gruffudd ap Gronwy,7,0
Q116155940,Elen ferch Einion ab Ynyr Fychan,1,0
Q116155953,Margred ferch Rhydderch ab Ieuan Llwyd ab Ieuan ap Gruffudd Foel,7,0
Q116155956,Maredudd Fychan ap Maredudd ab Ieuan Gôch ap Dafydd Gôch,2,0
Q116155958,Angharad ferch Hwlkin Llwyd,1,0
Q116156567,Morgan Llwyd ab Ieuan ap Maredudd,2,0
Q116156581,Edmund Llwyd ap Robert ap Maredudd of Glynllifon,5,0
Q116156604,Richard ap Robert ap Maredudd ap Hwlcyn,5,0
Q116156741,"Thomas Langford, of Bradfield",3,0
Q116168741,NA,0,1
Q116168743,Jane Harcourt,3,1
Q116171550,Sir Henry Sothill,1,0
Q116174215,"Richard Walwyn, of Hellens",1,0
Q116177831,Griselda Belknap,8,0
Q116180393,Ann Mallory,2,0
Q116265997,Lydia Lockwood,1,0
Q116459886,Sarah Backus,9,0
Q116477683,Gwladus ferch Dafydd Fychan ap Dfaydd Llwyd ap Cynwrig,5,0
Q116477835,Gruffudd ab Ynyr Fychan ab Ynyr ap Meurig,6,0
Q116477955,Myfanwy ferch Hywel ap Madog,5,0
Q116477987,Gwenhwyfar ferch Ieuan Llwyd ap Gruffudd ap Gronwy ap Hywel,7,0
Q116478408,Isabel ferch Gruffudd ap Dafydd ab Ieuan,1,0
Q116478419,John Bodwdra ab Ieuan ap Maredudd ab Ieuan Llwyd,2,0
Q116478478,Dafydd Llwyd ap John ap Gruffudd of Llangwnadle,1,0
Q116478520,Gruffudd ap John ap Maredudd of Issallt,8,0
Q116478530,Hywel ap Dafydd Fychan ab Ieuan ap Maredudd of Saethon,2,0
Q116478542,John ap Robin|Robert Fychan ap Gruffudd ap Hywel Wynn alias Whyte,5,0
Q116478545,"Gwilym Glynne, of Lleuar",5,0
Q116478782,Einion ap Llywelyn ap Cynwrig ab Osborn Wyddel,3,0
Q116479588,Lowri ferch Gronwy ab Ieuan ab Einion,5,0
Q116479724,Huw ap Robert Vaughan,5,0
Q116480317,Martha Cotton,1,0
Q116812674,Elizabeth ferch Owain ap Meyrick ap Llywelyn,8,0
Q116812709,"John ap Thomas Hên ap Henry Salusbury, of Bachymbyd",7,0
Q116812713,Dafydd ap Hywel Coetmor ap Gruffudd Fychan ap Gruffudd,3,0
Q116868243,Silence Tower,2,0
Q116924148,Capt Ichabod Tupper,6,0
Q117289934,Rebecca Jackson,5,0
Q117305996,Maredudd ab Ednyfed Gam ab Iorwerth Foel ab Iorwerth Fychan,6,0
Q117306773,Rhys ap Gruffudd Gôch ab Adda of Ceri,2,0
Q117306787,Ieuan ab Ednyfed Gam,6,0
Q117306877,Lowri ferch Robert Fychan a[ Gruffudd ap Hywel,5,0
Q117306894,Rhys ab Ieuan ab Einion ap Gruffudd,6,0
Q117306898,Maredudd Drwstan ap Dafydd ap Maredudd ap Dafydd Gôch,2,0
Q117306996,Maredudd Fychan ap Maredudd ap Hywel of Llanbister,4,0
Q117307150,Rhys ap Gruffudd ap Gwilym ap Gruffudd of Plas y Nant,5,0
Q117307161,Lleuci ferch Gruffudd ap Hywel Coetmor ap Gruffudd Fychan,2,0
Q117450284,Sarah Bonham,4,0
Q11801028,NA,0,1
Q11803876,NA,0,1
Q118164050,Joseph Gates,3,0
Q119010127,Nehemiah Dickinson,6,0
Q120326196,"Ephraim Foote, Jr.",3,0
Q121394511,Caleb Stanley,2,0
Q121686207,Joseph Faunce,6,0
Q121856312,Sarah Lawrence,6,0
Q121856383,Mary Blackwell,5,0
Q121863279,Joseph Josiah Hallett,5,0
Q122259973,Christian Hungerford,2,0
Q122260331,"Sir Isaac Appleton, of Waldingfield",1,0
Q122260348,John Isaac,0,1
Q122260349,Joan Toke,0,1
Q122261816,Aaron Jaqua,0,1
Q122261817,Rebecca House,1,1
Q122361445,"Richard ab Iorwerth ap Dafydd ab Ednyfed Gam Trevor, of Oswestry",3,0
Q122361552,Angharad Fechan ferch Llywelyn ab Owain ap Gruffudd,1,0
Q122362846,"Joan|Margaret Tempest, of Bracewell",2,0
Q122364354,"Robert|Francis Gale, of Akeham Grange",2,0
Q122364575,Margery|Margaret|Marian Constable,3,0
Q123336416,Aurelia Chan Zuckerberg,2,0
Q123668403,Katherine Nye,1,0
Q123729264,"Sarah Hadlock, I",4,0
Q123930131,Patience Holmes,6,0
Q123991823,Elizabeth Turner,5,0
Q124007704,Sarah Mighill,3,0
Q124049000,Sarah Kellogg,5,0
Q124066750,Sarah Thomas,5,0
Q124704707,Eleanor FitzAlan,6,1
Q124704715,NA,0,1
Q124744652,Deacon Joseph Dickenson,6,0
Q124913374,William Hallett,0,1
Q125223690,"John Barber, I",3,0
Q125223889,"Samuel Barber, I",4,1
Q125223923,Joseph Barber,3,0
Q125224172,Josiah Barber,4,0
Q125224210,"Lt. Thomas Barber, II, of Simsbury",4,0
Q125230058,Elizabeth Loomis,3,0
Q125417224,Abraham Day,2,0
Q125417244,Irene Day,3,0
Q125604199,"Experience Damon, Sr.",2,0
Q125986300,Richard Hallett,5,0
Q126098281,Joseph Bledsoe,2,0
Q126098283,Captain William Bledsoe,1,0
Q126681359,Hannah Jennings,5,0
Q126890776,Simon Gates,4,0
Q127227267,Anne Hungerford,4,0
Q127227841,Mary Hungerford,2,0
Q127328853,Mary Stetson,2,0
Q128210460,Elizabeth Lazell,4,0
Q128809143,Mehitable Burnham,2,0
Q129194160,Freedom Chamberlain,1,0
Q129679148,"Stephen Gates, II",4,0
Q129910745,"John Drake, of Hartford, Connecticut Colony",7,0
Q130215751,Hannah Cave,2,0
Q130320501,"Abraham Bledsoe, Sr",1,0
Q130335812,Joan Danvers,1,0
Q130338874,Elen ferch Ieuan ab Einion ap Gruffudd ap Llywelyn,6,0
Q130338909,Janet ferch Huw Conwy,4,0
Q130339177,Angharad (2) ferch Gruffudd Fychan ap Gruffudd ap Dafydd Gôch,5,0
Q130339229,Gruffudd Leiaf ap Gruffudd Fychan ap Gruffudd ap Dafydd Gôch,5,0
Q130339232,Catrin ferch Maredudd ab Ieuan ap Maredudd of Celynennan,1,0
Q130339411,"Sir Kynard de la Bere (Delabere), of Kinnersley Castle",3,0
Q130339412,Joan Barre,3,0
Q130340340,Annesta ferch Rhys ap Robert ap Gruffudd,6,0
Q130340374,Gronwy Wyn ap Gruffudd ap Gronwy ap Hywel,2,0
Q130340470,Gruffudd ap Maredudd ap Hywel ap Philip Dorddu,4,0
Q130340475,Morfudd ferch Ieuan Llwyd ap Gruffudd ap Gronwy,7,0
Q130340641,"Mary Done, of Utkinton",3,0
Q130353223,"Roger Poure, of Bletchingdon",2,0
Q130353227,"Elizabeth Danvers, of Banbury",7,0
Q130358745,Gwerful ferch Rhydderch ab Ieuan Llwyd ab Ieuan,7,0
Q130358785,Philip ap Rhydderch ab Ieuan Llwyd ab Ieuan of Llanddewibrefi,7,0
Q130358908,Gwerful ferch Gronwy ab Ieuan ab Einion,5,0
Q130391297,William Scrope,5,0
Q130648060,"Humphrey Coningsby, of Nene Solers",2,0
Q130648366,Jonet ferch Gruffudd ap Gwilym,5,0
Q130728603,William DuVal,1,0
Q130728660,Susanna Duvall,1,1
Q130919959,"William Spencer, Sr.",9,0
Q130987089,Thomas Woodworth,3,0
Q131154569,Mary Maynard,4,0
Q131154601,Thomas Davenport,1,0
Q131179528,Jonathan Draper,4,0
Q131299979,Joseph Ketchum,2,0
Q131300008,Temperance Buffett,1,1
Q131300012,Sarah Whitman,2,0
Q131347206,Thomas ap Rhydderch ab Ieuan Llwyd ab Ieuan,7,0
Q131355888,Desire Standish,6,0
Q131356643,Ruth Clark,9,0
Q131356672,Mary Clark,1,0
Q131364646,Mercy Norton,4,0
Q131366956,Rachel Judd,2,0
Q131369585,Capt. Joseph Drake,7,0
Q131447977,Dorothy Isham,3,1
Q131447983,Editha Bigelow,2,0
Q131577421,Benjamin Keeler,2,0
Q131584766,John Edward Ketchum,2,0
Q131584775,Jerusha Ketcham,1,0
Q131741162,"John Bond, of Lutton",1,0
Q131784453,Elizabeth Beckenshaw,2,0
Q131786919,Elizabeth Sargent,4,0
Q131787330,Isaac Perkins,2,0
Q131787339,Lydia Newcomb,1,0
Q132132332,Abner Woodworth,1,0
Q132528670,Mary Rowe,2,0
Q133264155,Elizabeth Johnson,2,0
Q133461211,Gwerful ferch Ieuan Fychan ab Ieuan ab Adda,2,0
Q133461301,Llywelyn Gôch ap Rhydderch ap Rhys ab Ieuan Llwyd ab Ieuan,7,0
Q134471606,Martha Fones Winthrop,1,1
Q135286366,John Titus,2,0
Q135286429,"Nathaniel Buffett, Sr.",0,1
Q135286433,Samuel Titus,2,0
Q135582897,John Samuel Strait,1,0
Q135682229,"Lewys ab Owain ap Meurig ap Llywelyn Owen, of Frondeg",8,0
Q135841386,"Jacob Perkins, II",2,0
Q136243199,Sibyl Croft,6,0
Q136336570,Mary Sackville,4,0
Q136384872,NA,0,1
Q136506456,Gwenllian (2) ferch Dafydd ap Hywel ap Gruffudd,6,0
Q136506497,Ieuan ab Y Giwn Llwyd ap Dafydd ap Madog of Yr Hendwr,1,0
Q1489164,Gabriel Duvall,1,0
Q14940017,George Browne,8,1
Q1524089,NA,1,0
Q15441072,Nathaniel Morton,4,0
Q15441865,John Lisle,9,3
Q15713261,Thomas St Clere,0,1
Q15917318,Mark Sension,4,1
Q16152750,Samuel Appleton,3,1
Q161866,NA,1,0
Q16191373,NA,0,1
Q16198725,NA,0,1
Q16203498,NA,0,1
Q16204119,"Henry Scrope, 1st Baron Scrope of Masham",0,1
Q16213193,NA,0,1
Q16823052,NA,1,0
Q16840267,NA,0,1
Q16845627,Anthony Hungerford,2,2
Q16851845,Samuel Keeler,1,1
Q16854048,"Matthew Marvin, Jr.",6,0
Q16854049,"Matthew Marvin, Sr.",1,0
Q16854050,"Matthias Sention, Jr.",4,0
Q16854175,Samuel Smith,0,1
Q16859354,John Keeler,1,0
Q16859779,Nathaniel Foote,1,2
Q16863395,William Mountfort,0,2
Q16863406,Eleanor St Clere,1,1
Q16863806,NA,0,1
Q1701151,"John Mowbray, 2. Duke of Norfolk",6,1
Q1702633,NA,1,0
Q17138647,Joan Mowbray,6,1
Q17138715,Elizabeth Segrave,1,2
Q17138972,NA,0,1
Q17139915,NA,0,1
Q17140018,Elizabeth FitzHugh,5,2
Q17479484,Richard Wydeville,1,2
Q1766277,NA,0,1
Q18159808,NA,0,1
Q18203821,Goronwy ap Tudur Fychan,7,1
Q1840340,Megan Ellison,2,0
Q18527485,Robert Willoughby,0,4
Q18528815,Thomas Blount,2,2
Q18530152,NA,1,0
Q18530884,NA,1,0
Q18530899,Thomas Umfraville,0,2
Q18531404,William Hody,3,1
Q18534239,Nicholas Harrington,0,2
Q18535667,Gwilym ap Tudur,9,0
Q18535774,Lowri ferch Gruffudd Fychan,5,2
Q18535828,NA,0,1
Q18546885,Thomas Croft,3,0
Q18576361,Isabel Chaworth,2,1
Q18576850,NA,0,1
Q18577250,NA,0,1
Q18593028,NA,0,1
Q18671789,Sir John Harrington,0,2
Q18672619,Thomas Mallory,1,1
Q18672663,NA,0,1
Q18672778,William Harrington,6,1
Q18674357,NA,0,1
Q18681528,Richard Croft,3,2
Q18730241,Edward Stradling,2,2
Q18762009,NA,0,1
Q18810612,Baldwin Mountford,2,1
Q18811416,NA,1,0
Q18821787,Gwilym ap Gruffudd,5,1
Q18821833,NA,0,1
Q18875291,Baldwin Mountford,0,2
Q18875700,Edmund Mountford,2,0
Q18917711,William Stradling,0,2
Q18922323,Henry Stradling,2,1
Q20065311,Humphrey Stafford,3,1
Q20713522,Thomas Jermyn,1,1
Q20900224,NA,0,1
Q20900225,Edward Zuckerberg,0,2
Q20900226,Karen Kempner,0,2
Q20900227,NA,0,1
Q2159225,"Robert Willoughby, 6. Baron Willoughby de Eresby",4,2
Q2168348,Richard Shelley,5,0
Q21997695,NA,0,1
Q22244566,NA,0,1
Q22244570,NA,0,1
Q22244572,NA,0,1
Q22276668,Arielle Zuckerberg,6,0
Q22276670,Donna Zuckerberg,6,1
Q22302383,Maxima Zuckerberg,2,0
Q22815213,Marged ferch Tomos,0,2
Q22910719,NA,0,1
Q22998082,NA,0,1
Q23011254,Jennifer Katharine Gates,4,1
Q23011256,Phoebe Adele Gates,4,0
Q23011257,Rory John Gates,4,0
Q231150,NA,1,0
Q2350777,Gruffudd Fychan II,0,1
Q23661898,"Henry FitzHugh, 5. Baron FitzHugh",4,1
Q236911,NA,1,0
Q23784752,Mark Bezos,2,0
Q2379648,NA,1,0
Q23822714,George Gale,0,1
Q23902962,NA,0,1
Q24289596,William Berkeley,0,2
Q24524594,Steuart Walton,2,1
Q25172124,NA,0,1
Q25183361,Thomas Spencer,3,0
Q252569,NA,0,1
Q256075,Helen Robson Walton,0,2
Q25712290,Robert Harcourt,3,1
Q2581065,"William Willoughby, 5. Baron Willoughby de Eresby",2,3
Q26203956,NA,0,1
Q26218366,"Elizabeth Ferrers, 6. Baroness Ferrers of Groby",9,2
Q26221371,Isabel de Mowbray,5,2
Q26265546,Thomas Walwyn,0,1
Q2657811,NA,0,1
Q26709197,NA,1,0
Q26709200,Humphrey Stafford,0,2
Q26710506,Ralph Stafford,1,1
Q26821447,NA,0,1
Q273111,NA,0,1
Q27493894,"Stephen Scrope, 2. Baron Scrope of Masham",6,1
Q27891062,NA,0,1
Q27956858,"Maurice Berkeley, 3rd Baron Berkeley",9,2
Q27978779,"Thomas Berkeley, 5th Baron Berkeley",3,2
Q27990227,John Stradling,2,1
Q28064904,Maurice Berkeley,0,2
Q28080085,NA,0,1
Q28082337,NA,0,1
Q28092202,NA,0,1
Q28321610,John Aylesbury,0,1
Q28321690,Thomas Aylesbury,0,1
Q28321778,Thomas Frowyk,2,0
Q289571,Alice Walton,6,0
Q28971193,Philip Mede,0,2
Q2898144,NA,0,1
Q29025403,Edward Burnell,0,3
Q29029642,NA,0,1
Q292708,Randi Zuckerberg,6,1
Q297765,NA,0,1
Q3012329,"John de Grey, 2nd Baron Grey de Rotherfield",0,1
Q30302765,Florence Spellman,1,0
Q312556,Jeff Bezos,2,2
Q317279,Owain Glyndŵr,6,1
Q3181798,NA,0,1
Q323446,John Hawkwood,0,2
Q3400736,NA,0,1
Q3431392,Richard le Scrope,6,0
Q3432590,NA,1,0
Q348932,"Richard FitzAlan, 11. Earl of Arundel",4,3
Q36215,Mark Zuckerberg,6,1
Q370866,NA,0,1
Q3806461,"James Berkeley, 1. Baron Berkeley",0,2
Q3990738,NA,0,1
Q4079744,Howard Graham Buffett,4,0
Q4239903,NA,0,1
Q4407963,NA,0,1
Q44507372,Joan Belknap,1,2
Q448289,NA,0,1
Q4502673,NA,1,0
Q4529808,NA,0,1
Q454928,Mary Maxwell Gates,0,2
Q456361,NA,0,1
Q456462,NA,1,0
Q463877,NA,0,1
Q47213,Warren Buffett,3,2
Q4725858,Alice FitzAlan,9,2
Q4725958,Alice Lisle,2,2
Q4726026,NA,0,1
Q4768427,NA,1,0
Q4772162,Anthony Browne,8,1
Q4772299,NA,0,1
Q4772765,Anthony Hungerford of Black Bourton,1,2
Q484669,John T. Walton,6,1
Q497827,Sam Walton,2,2
Q5076484,NA,0,1
Q51857953,William Beauchamp,2,1
Q51862057,Roger Strange,4,0
Q51862142,Thomas Umfraville,1,2
Q52083630,John Danvers,0,1
Q5233363,David Ellison,2,1
Q52435805,NA,0,1
Q52435837,Richard Tempest,0,3
Q52437919,Kynard de la Bere,0,1
Q52514942,NA,0,1
Q5284,Bill Gates,4,1
Q52846541,John Hungerford,4,1
Q5339478,Edmund Freeman,2,1
Q5339763,NA,0,1
Q5341845,Edward Belknap,7,1
Q5343554,Edward Hungerford,4,0
Q5354429,Eleanor de Mowbray,6,1
Q535583,NA,1,0
Q5362663,Elizabeth Darrell,2,1
Q5362776,Elizabeth FitzAlan,9,5
Q5362782,Elizabeth Fones,1,1
Q5363791,"Elizabeth de Bohun, Countess of Arundel",1,2
Q5363805,"Elizabeth le Despenser, Baroness Berkeley",3,2
Q53649941,John Burdet,0,1
Q53650143,Elizabeth Stafford,0,2
Q544076,NA,1,0
Q5553473,Gervase Clifton,2,1
Q5560881,Gilbert Denys,0,1
Q55721066,Thomas Mayhew Jr.,2,0
Q55979202,Leila Stahl Buffett,0,2
Q56006558,Adam Winthrop,1,3
Q56176617,Einion ap Gruffudd,2,1
Q56178921,Ieuan ap Adda ap Iorwerth,0,2
Q56222319,Doris Buffett,2,0
Q565662,NA,0,1
Q5721272,"Henry FitzHugh, 3rd Baron FitzHugh",0,2
Q5722186,Henry Green,0,1
Q5722188,Henry Green,2,1
Q5814872,NA,0,1
Q58327962,Isabel Worsley,3,2
Q5930543,Hugh Denys,1,0
Q6017554,NA,0,1
Q60627637,Thomas CHARLTON,2,0
Q6077837,NA,1,0
Q61278545,John de Wydeville of Grafton,0,2
Q61278546,Isabella Gobion,0,2
Q61278555,Joan Bedlisgate,0,2
Q61278561,John Bedlisgate,0,2
Q61278562,Joan Beauchamp,0,2
Q6128966,NA,0,1
Q61895868,Robert or Thomas Knollys,1,1
Q61895869,NA,0,1
Q61895870,Richard Knollys,1,2
Q61895872,Margaret d'Oyley,0,2
Q61910936,NA,0,1
Q61911767,Sir John Guildford,1,2
Q61911768,Alice Waller,1,2
Q61911770,NA,0,1
Q61911816,Elizabeth Mortimer,6,1
Q61911822,NA,0,1
Q61911828,NA,0,1
Q61911830,NA,0,1
Q61913231,NA,0,1
Q61913325,Anne Belknap,7,1
Q61913340,Henry Belknap,8,2
Q61913341,Margaret Knollys,1,2
Q61913375,Elizabeth Goushill,5,1
Q61927402,Margaret Bromflete,4,2
Q61962932,Lucy Lestrange,4,2
Q61962934,Sir Thomas Willoughby,4,1
Q61962935,NA,0,1
Q61962936,Alice Skipwith,0,2
Q61962943,"Roger le Strange, 5th Baron Strange",0,2
Q61962945,Aline Fitzalan,0,2
Q61963533,Joan FitzHugh,1,1
Q61971044,"Henry FitzHugh, 2nd Lord FitzHugh",1,2
Q61971583,"William le Botiler, 3rd Baron le Botiller",1,0
Q61971723,Joan de Fourneux,0,2
Q61971749,Joan le Scrope,5,2
Q61971756,"Henry FitzHugh, 1st Lord FitzHugh",0,2
Q6204778,NA,0,1
Q6205590,"Joan de Beauchamp, Baroness Bergavenny",9,1
Q6205592,NA,1,0
Q6219518,John Arundel,4,0
Q6222586,NA,0,1
Q6223054,NA,0,1
Q6228565,John Darell,2,2
Q6233259,NA,1,0
Q6233263,NA,1,0
Q6236610,John Gurdon,1,1
Q6239433,John Hoar,3,0
Q6239497,John Hody,0,1
Q6240151,John Howland,5,1
Q6240414,John Hungerford,1,2
Q6241766,NA,0,1
Q6256452,John Sackville,5,1
Q6256800,NA,0,1
Q6257124,John Scott of Scott's Hall,4,1
Q6257143,NA,0,1
Q6257369,John Seymour,1,2
Q6257374,John Seymour,0,2
Q6257376,John Seymour,3,2
Q6263491,NA,0,1
Q6265597,"John de Mowbray, 1st Earl of Nottingham",7,0
Q6265603,"John Mowbray, 4. Baron Mowbray",0,2
Q6265670,NA,0,1
Q6290416,Josiah Barber,1,0
Q647319,NA,0,1
Q6525377,Leonard Hoar,3,2
Q660630,NA,1,0
Q6739909,"Thomas Mowbray, 2. Earl of Nottingham",6,1
Q6758768,Maredudd ap Tudur,8,1
Q6759490,NA,0,1
Q6759979,NA,0,1
Q6772037,NA,0,1
Q6779107,Mary Bradbury,4,0
Q6792880,Maurice Berkeley,4,2
Q6793015,Maurice Denys,1,1
Q6793454,"Maurice Russell, knight",0,1
Q6793556,"Maurice de Berkeley, 4th Baron Berkeley",2,2
Q6827220,Tudur ap Goronwy,0,2
Q684014,William H. Gates senior,0,3
Q6862133,NA,0,1
Q692927,Mareen Duvall,0,1
Q7025528,Nicholas Haute,1,1
Q7025738,NA,0,1
Q711992,"Thomas Mowbray, 1. Duke of Norfolk",7,2
Q715792,"Thomas Fitzalan, 12. Earl of Arundel",9,1
Q7173047,Peter Buffett,4,2
Q720766,John Winthrop,3,4
Q723488,Howard Buffett,0,2
Q7287258,"Ralph Boteler, 1. Baron Sudeley",4,2
Q7288314,"Ralph de Cromwell, 1. Baron Cromwell",0,2
Q7308908,"Reginald West, 6th Baron De La Warr",2,2
Q7321853,Rhys ap Tudur,9,1
Q7324124,Richard Berkeley,2,1
Q7324902,Richard Cornell,6,0
Q7326109,Richard Guildford,2,2
Q7328093,Richard Norton,0,2
Q7329644,Richard Vaughan,1,1
Q7341964,Robert Bealknap,0,1
Q7344361,Robert FitzHugh,6,0
Q7345699,"Robert Hungerford, 2nd Baron Hungerford",4,1
Q7349061,Robert Puleston,0,2
Q7351173,NA,0,1
Q7351373,Robert ap Maredudd,3,1
Q7351439,Robert de Umfraville,1,0
Q736477,S. Robson Walton,6,1
Q7411088,Samuel Chapin,0,2
Q741784,Jim Walton,6,1
Q75238182,NA,0,1
Q75239847,Margaret de Mowbray,5,1
Q75240092,Elizabeth FitzWilliam,8,1
Q75240505,NA,1,0
Q75241114,David Fychan,0,1
Q75241162,Elizabeth Coker,0,3
Q75241165,Sir George Darell,4,2
Q75241166,NA,0,1
Q75241172,Sir Lawrence Cheney,2,1
Q75241175,Alice Tunstall,4,1
Q75241182,Sir Thomas Tunstall,0,2
Q75241183,Isabel Harrington,6,2
Q75241186,Marjery Willoughby,4,2
Q75241193,Marina Beller,1,1
Q75241198,John Beller,1,1
Q75241199,Elizabeth Houby,0,1
Q75241204,Alice Hawte,4,0
Q75241212,Joan Wydevill,2,2
Q75241243,Ottwell Worsley,0,1
Q75241245,Rose Trevor,3,1
Q75241246,Richard Worsley,0,1
Q75241248,Catherine Clark,0,1
Q75241249,John Clark,0,1
Q75241251,Edward Trevor,3,1
Q75241252,Angharad Puleston,5,2
Q75241278,Isabel William,0,2
Q75241287,Elizabeth de Umfreville,5,1
Q75241291,NA,0,1
Q75241326,NA,0,1
Q75247595,Nest (?),3,0
Q75247597,Ieuan ap Gruffudd,0,1
Q75248129,Maud de Umfreville,5,1
Q75248132,Joan de Roddam,0,2
Q75248170,Agnes (?),0,2
Q75248195,Gilbert V de Umfraville,5,1
Q75248198,NA,0,1
Q75248199,NA,0,1
Q75248201,Joan de Umfreville,5,1
Q75248208,NA,0,1
Q75248227,NA,0,1
Q75248230,Margaret de Umfreville,5,3
Q75248232,John Constable,0,2
Q75248236,John Constable,2,1
Q75248237,Agnes de Umfreville,5,1
Q75248270,NA,0,1
Q75248362,Elizabeth Hungerford,4,1
Q75251080,Lady Margaret FitzAlan,6,1
Q75253658,NA,0,1
Q75253659,Joan Goushill,5,1
Q75254037,NA,0,1
Q75254060,NA,0,1
Q75254087,NA,0,1
Q75254414,NA,0,1
Q75254427,NA,0,1
Q75255418,William Landwade Cotton,2,0
Q75257135,Sir Thomas de Willoughby,2,1
Q75257382,NA,0,1
Q75257696,Sir Geoffrey le Scrope,5,1
Q75261366,NA,0,1
Q75266655,NA,0,1
Q75266673,NA,0,1
Q75266880,Joan Beaufort,0,2
Q75267318,NA,0,1
Q75268130,Elizabeth Willoughby,4,1
Q75268794,Sir Renfrey Arundell,0,2
Q75268801,Joan Colshull,0,4
Q75268851,NA,0,1
Q75268877,NA,0,1
Q75268879,Humphrey Arundell,4,1
Q75268928,NA,0,1
Q75271437,Isabel Meade,1,2
Q75271575,Sir James de Berkeley,3,2
Q75271576,Elizabeth Bluet,0,3
Q75271577,Sir John Bluet,0,1
Q75271890,NA,0,1
Q75271895,Sir Maurice Berkeley,3,0
Q75271898,Katharine Berkeley,3,0
Q75271912,NA,0,1
Q75271915,NA,0,1
Q75275166,NA,0,1
Q75279212,Sir William FitzWilliam,8,1
Q7528475,NA,0,1
Q75285949,NA,0,1
Q75290357,NA,0,1
Q7529771,Sir William Shelley,4,2
Q75299012,Isabel LeStrange,4,1
Q75299336,NA,0,1
Q75299337,Emmote Wheathill,2,1
Q75321961,NA,0,1
Q75351169,Elizabeth Clinton,0,2
Q75382747,John FitzAlan,6,0
Q75382824,Anice de Cromwell,3,1
Q75382827,Maud de Bernake,0,2
Q75386874,NA,0,1
Q75387346,NA,0,1
Q75387414,Sir Richard Dayrell,4,1
Q75387497,NA,0,1
Q75387556,NA,0,1
Q75387589,Margaret Fychan,5,1
Q75387654,Maud de Grey,2,2
Q75389438,NA,0,1
Q75389443,Sir John le Scrope,5,1
Q75389481,Angharad ferch Adda,1,1
Q75397024,NA,0,1
Q75400598,Sir John de Beauchamp,0,4
Q75400602,NA,0,1
Q75400606,NA,0,1
Q75400613,Elizabeth Stafford,3,0
Q75400614,Sir Humphrey Stafford,1,1
Q75401034,Catherine de Botetourt,0,2
Q75401035,Maurice Berkeley,0,2
Q75401038,Maurice Berkeley,0,2
Q75401041,Richard Berkeley,3,2
Q75401042,Sir John Berkeley,4,2
Q75401045,Henry Berkeley,13,1
Q75418793,NA,0,1
Q75418799,NA,0,1
Q75418801,NA,0,1
Q75418809,Isabel (?),0,2
Q75418810,Thomas Meade,1,0
Q75418812,Ann Stafford,3,2
Q75418817,Joyce Stafford,3,1
Q75420107,John de Berkeley,3,0
Q75420110,Maurice Berkeley,3,1
Q75420111,NA,0,1
Q75420128,James Berkeley,9,0
Q75420130,Thomas Berkeley,9,1
Q75420131,NA,0,1
Q75431779,William le Botiler,0,3
Q75431782,NA,0,1
Q75433098,NA,0,1
Q75433099,Dorothy Gale,2,2
Q75443650,Elizabeth Whettle,1,1
Q75443653,"Sir Richard Whetehill, of Calais",1,1
Q75446288,NA,0,1
Q75446880,Joan de Sudeley,0,2
Q75446938,"Ralph de Cromwell, 2. Baron Cromwell",3,1
Q75453577,Elizabeth Beconshaw,2,1
Q75453579,Sir White Beconshaw,0,1
Q75453886,NA,0,1
Q75463795,NA,0,1
Q75464102,Margaret Foljambe,1,1
Q75464240,Elizabeth FitzHugh,4,1
Q75467539,NA,0,1
Q75488616,NA,0,1
Q75508292,John Duvall,7,1
Q75508293,NA,0,1
Q75509012,Eleanor Fitzalan,0,3
Q75517090,NA,0,1
Q75517094,Maud FitzHugh,4,1
Q75517581,Anne FitzWilliam,8,1
Q75520729,NA,0,1
Q75520929,NA,0,1
Q75520983,Joyce Burnell,2,1
Q75520996,NA,0,1
Q75521030,Margaret Burnell,2,2
Q75521043,Sir Edmund Hungerford,4,2
Q75521423,Katherine Burnell,2,1
Q75523325,Margery Darrell,2,1
Q75527834,NA,0,1
Q75529116,NA,0,1
Q75541536,NA,0,1
Q75541545,Sir John Croker,0,1
Q75541548,John Carew,3,2
Q75541551,NA,0,1
Q75541553,NA,0,1
Q75552091,William Brereton,3,1
Q75552093,NA,0,1
Q75552096,Ellen Mainwaring,8,0
Q75553850,NA,0,1
Q75556560,John Villiers,1,1
Q75558031,Agnes Danvers,7,3
Q75558048,Margery Venables,0,1
Q75558616,Margaret Gresley,0,2
Q75560718,Joan la Warre,0,3
Q75560941,NA,0,1
Q75560944,Eleanor Aylesbury,2,1
Q75561216,Maud Hastings,0,1
Q75565176,Florence Darrell,4,1
Q75565179,William Darrell,2,1
Q75565180,Elizabeth Calstone,0,1
Q75565181,Thomas Calstone,0,1
Q75574005,Eleanor Fitzhugh,5,4
Q75574015,NA,0,1
Q75574313,John Villiers,0,2
Q75574315,Joan Mering,0,2
Q75574316,Richard Villiers,0,1
Q75577605,Thomas Stanley,2,0
Q75586457,John Fitzwilliam,0,2
Q75586467,NA,0,1
Q75586469,Walter Hungerford,9,1
Q75587674,Elizabeth de Cromwell,3,2
Q75587675,NA,0,1
Q75591248,John Harcourt,3,0
Q75609668,Robert Browne,7,0
Q75609676,Katherine Browne,7,0
Q75609679,Thomas Browne,7,0
Q75609681,Jane Browne,7,0
Q75610279,Thomas Coningsby,9,1
Q75612429,William Browne,7,0
Q75612996,NA,0,1
Q75613014,NA,0,1
Q75613020,Sir John Mortimer,6,0
Q75616810,Sir William de Stanley,0,2
Q75616811,Margery de Hooton,0,2
Q75616820,Isabel Harington,6,1
Q75618747,Robert Lewis,1,0
Q75621355,NA,0,1
Q75624098,Dorothy Vaughan,2,2
Q75645577,John Berkeley,3,1
Q75645598,Ellen Montfort,2,2
Q75645599,Johanna Dinham,0,2
Q75646027,NA,0,1
Q75655386,Richard Wheathill,0,1
Q75655624,NA,0,1
Q75669363,Randall Mainwaring,8,0
Q75670351,Isabel de Bourne,0,2
Q75673551,NA,0,1
Q75674149,Robert Sexton,0,1
Q75674453,NA,0,1
Q75674455,Rose Sexton,0,2
Q75674460,NA,0,1
Q75674916,Elizabeth Blount,4,1
Q75675922,Elizabeth Berkeley,13,1
Q75675995,NA,0,1
Q75718875,Sir William Darell,0,2
Q75718877,Emma (?),0,2
Q75718884,NA,0,1
Q75718889,NA,0,1
Q75723425,Marmaduke Darell,2,0
Q75760439,Sir Thomas Blount,4,0
Q75764610,Joseph Keeler,2,2
Q75764611,Elizabeth Whitney,5,2
Q75764614,Elijah Keeler,3,0
Q75764741,Judith Woodworth,3,0
Q75764950,NA,0,1
Q75764953,Nathaniel House,0,1
Q75764954,Hannah Davenport,1,1
Q75764956,John House,1,1
Q75765089,NA,0,1
Q75765686,Robert Foote,0,2
Q75765689,Joan Brooke,0,2
Q75765691,Elizabeth Deming,0,2
Q75765694,Rebecca Foote,6,1
Q75765696,NA,0,1
Q75765733,Henry Howland,0,1
Q75765734,Margaret (?),0,1
Q75765850,Timothy Stanley,2,1
Q75765852,Elizabeth (?),0,1
Q75765853,Elizabeth Stanley,2,1
Q75765858,Sarah St. John,2,1
Q75765875,Thomas Davenport,0,1
Q75765878,Mary (?),0,1
Q75765879,Jonathan Davenport,0,1
Q75765881,Hannah Maynard,0,1
Q75769355,Sir John de Croft,0,2
Q75769360,Janet Glendower,0,2
Q75769362,William de Croft,0,2
Q75769365,Margaret Walwyn,1,2
Q75769367,Eleanor Cornwall,1,3
Q75769369,Sir Edward Croft,6,1
Q75769371,NA,0,1
Q75771238,NA,0,1
Q75771262,Maud de Cromwell,3,2
Q75771264,Sir William Fitzwilliam,2,2
Q75771265,Sir John Fitzwilliam,1,2
Q75771274,Eleanor Green,1,2
Q75771276,Sir John Fitzwilliam,4,1
Q75772944,NA,0,1
Q75772979,Elizabeth Shelley,5,1
Q75774931,NA,0,1
Q75774933,Sir Robert Clifton,2,1
Q75774984,John Dutton,2,0
Q75775677,Thomas de la Barre,0,1
Q75775733,NA,0,1
Q75775745,Sir Thomas Cornwall,1,1
Q75776170,Catharine Berkeley,13,1
Q75776427,NA,0,1
Q75776429,Edmund Cornwall,1,2
Q75776431,Elizabeth de la Barre,3,2
Q75776879,Alice Verney,0,1
Q75776882,William Verney,0,1
Q75787328,Elizabeth Woodville,2,0
Q75791759,NA,0,1
Q75791763,Anne Harcourt,3,1
Q75791769,NA,0,1
Q75791771,Margaret Danvers,4,2
Q75792220,Richard Croft,2,0
Q75792222,Sir John Danvers,2,1
Q75792225,NA,0,1
Q75793827,NA,0,1
Q75793830,Margaret Thwaite,1,2
Q75793831,NA,0,1
Q75793834,NA,0,1
Q75793843,NA,0,1
Q75794045,Joan Fitzwilliam,2,2
Q75794047,NA,0,1
Q75794057,Ann Fitzwilliam,2,1
Q75794074,NA,0,1
Q75794116,Sir John Mallory,1,5
Q75794120,Katherine de la Haye,3,1
Q75794134,NA,0,1
Q75795926,Sir William Troutbeck,1,1
Q75795927,NA,0,1
Q75806419,NA,0,1
Q75811436,Sir Thomas Tunstall,4,2
Q75811441,Elizabeth Darcy,4,1
Q75811446,Margery Darcy,4,1
Q75826641,NA,0,1
Q75826767,Edward Shelley,4,0
Q75827388,Elizabeth Michaelgrove,0,2
Q75827556,John Michaelgrove,0,1
Q75827558,Richard Sackville,0,2
Q75849680,NA,0,1
Q75860163,Margaret de Peche,2,2
Q75860166,Margaret de Clinton,0,2
Q75861426,NA,0,1
Q75870105,NA,0,1
Q75875090,NA,0,1
Q75875908,Isobel St. Barbe,0,2
Q75908776,Katherine Peverell,0,2
Q75925436,NA,0,1
Q75926028,Thomas Coningsby,0,1
Q75926032,Blanch Hancliffe,0,1
Q75926033,Thomas Coningsby,0,1
Q75926035,Elizabeth Whethill,0,1
Q75926037,Humphrey Coningsby,2,1
Q75926039,Thomas Coningsby,2,1
Q75926040,NA,0,1
Q75926163,Katharine Waldiffe,0,1
Q75926164,Sir Humphrey Coningsby,2,2
Q75926166,Alice Ferebie,0,2
Q75926168,John Coningsby,9,0
Q75926264,NA,0,1
Q75926333,Dorothy Berkeley,4,0
Q75926334,Mary Francis Berkeley,4,0
Q75926337,Anne Berkeley,4,0
Q75926346,Margaret Coningsby,9,0
Q75926348,NA,0,1
Q75926350,Jane Coningsby,9,1
Q75926351,Amphelice Coningsby,9,1
Q75926408,unknown daughter Coningsby,2,0
Q75926411,unknown daughter Coningsby,2,0
Q75926414,NA,0,1
Q75926456,Humphrey Coningsby,9,0
Q75926779,Mary Berkeley,13,0
Q75926791,NA,0,1
Q75926793,Elizabeth Berkeley,2,1
Q75926796,Isabel Elizabeth Dennis,2,2
Q75926799,Elizabeth Coningsby,9,2
Q75926807,Mary Berkeley,2,0
Q75927065,Elizabeth Jermy,0,1
Q75927104,Henry Berkeley,13,0
Q75927107,William Berkeley,13,0
Q75927109,Elizabeth Berkeley,13,0
Q75927110,Catherine Berkeley,13,0
Q75927113,Mary Berkeley,13,2
Q75927114,Ane Berkeley,13,0
Q75927117,Dorothy Berkeley,13,0
Q75927203,NA,0,1
Q75927442,Henry Berkeley,13,0
Q75927451,Ann Berkeley,13,0
Q75927660,NA,0,1
Q75927661,Margaret Lisle,9,1
Q75927688,Bridgett Hungerford,2,2
Q75927690,John Lisle,9,0
Q75927691,Alice Lisle,9,0
Q75927692,Bridgett Lisle,9,3
Q75927693,Beaconshaw Lisle,9,0
Q75927694,Tryphena Lisle,9,1
Q75927697,Maybella Lisle,9,0
Q75927698,Mary Lisle,9,0
Q75927699,Anna Lisle,9,0
Q75927701,William Lisle,9,0
Q75927704,NA,0,1
Q75927711,William Lisle,9,0
Q75927714,Daniel Lisle,9,0
Q75927717,Edward Lisle,9,0
Q75927719,Richard Lisle,9,0
Q75927722,Elizabeth Lisle,9,0
Q75927725,Mabel Lisle,9,0
Q75927726,Bridget Lisle,9,0
Q75927729,Mary Lisle,9,0
Q75927943,Henry Berkeley,13,0
Q75931259,NA,0,1
Q75933206,NA,0,1
Q75933581,Elizabeth Grey,0,2
Q75933583,Sir Robert Grey,2,2
Q75933584,Lora de St Quentin,0,2
Q75933586,Sir Herbert de St. Quintin,0,1
Q75933740,NA,0,1
Q75933747,John Waller,1,1
Q75933748,Richard Waller,0,2
Q75933749,Margaret Gulby,0,2
Q75933750,John Waller,0,2
Q75933752,Margaret Lansdall,0,2
Q75933754,Thomas Waller,0,2
Q75933755,Christina Chalfont,0,2
Q75955682,NA,0,1
Q75955684,Agnes Berkeley,3,1
Q75958834,NA,0,1
Q75958835,Margaret verch Dafydd,0,2
Q75958837,Gruffudd ap Jenkin Hanmer,1,1
Q75958839,Sir Piers Dutton,0,1
Q75958840,Elen Dutton,2,1
Q75958880,Dafydd ap Gronwy,2,0
Q75961221,Hywel ap Iorwerth,0,3
Q75961224,Angharad verch Hywel,0,2
Q75961225,Hwlcyn ap Hywel,2,2
Q75961226,Dafydd ab Iorwerth,0,1
Q75961227,Erddylad ap Dafydd,0,2
Q75961229,Llywelyn ap Hwlcyn,1,2
Q75961231,Ieuan Llwyd ap Gruffudd,2,1
Q75961232,Mali ap Ieuan,9,2
Q75961234,Meurig ap Llywelyn,3,2
Q75961235,Ieuan Fychan ab Ieuan,1,2
Q75961236,Margaret verch Ieuan,5,2
Q75961237,John ap Meurig,2,1
Q75961241,NA,0,1
Q75965598,NA,0,1
Q75965997,Anne Horne,2,2
Q75965999,NA,0,1
Q75972653,Sir John Tempest,0,2
Q75972655,Margaret de Holand,0,2
Q75972656,Sir John Tempest,2,1
Q75972660,NA,0,1
Q75972661,Sir Richard Tempest,0,2
Q75972664,Maria Talbot,0,2
Q75972667,NA,0,1
Q75972670,Sir Piers Tempest,3,1
Q75972671,NA,0,1
Q75972738,Sir Robert Tempest,3,1
Q75972740,NA,0,1
Q75972748,Roger Tempest,3,1
Q75972750,NA,0,1
Q75972843,Sir Richard Tempest,2,3
Q75972846,NA,0,1
Q75972847,Sir William Tempest,0,2
Q75972848,NA,0,1
Q75972849,Rowland Tempest,2,1
Q75972853,NA,0,1
Q75978217,Joan le Botiler,4,2
Q75981774,Margaret (?),2,1
Q75984685,William Mainwaring,8,0
Q76000320,NA,0,1
Q76003679,Margaret de Stainforth,0,2
Q76008792,unknown daughter Berkeley,9,0
Q76008794,unknown daughter Berkeley,9,0
Q76008795,unknown daughter Berkeley,9,0
Q76021497,Lucy Winthrop,3,1
Q76021504,Anne Browne,0,2
Q76031800,Ralph Constable,3,0
Q76048559,NA,0,1
Q76048560,Maredudd ap Hywel ap Dafydd,0,2
Q76048561,Marsli ferch Maredudd,3,1
Q76048563,NA,0,1
Q76048570,Jonet Stanley,3,1
Q76048571,NA,0,1
Q76048581,Thomas 'Hen' Salesbury,0,1
Q76048583,Jonet Salesbury,7,1
Q76049947,NA,0,1
Q7607464,"William Berkeley, 1. Marquess of Berkeley",9,3
Q76083260,Sir Christopher Ward,1,0
Q76100364,NA,0,1
Q76101065,Agnes Green,2,1
Q76112239,NA,0,1
Q76112600,NA,0,1
Q76153757,Mildred Sackville,4,2
Q76154646,"John Lestrange, 6th Lord Strange (of Knokyn)",4,1
Q76154647,NA,0,1
Q76154810,Sir Walter Hungerford,4,0
Q76154814,Sir Thomas Hungerford,9,1
Q76154815,Anthony Hungerford,0,2
Q76154818,Bridget Shelley,3,2
Q76154830,NA,0,1
Q76154851,Sir Anthony Hungerford,2,1
Q76154864,Sir Edward Hungerford,9,1
Q76154870,NA,0,1
Q76154879,Margaret Hungerford,4,1
Q76154881,NA,0,1
Q76154931,Susan Danvers,4,1
Q76157500,NA,0,1
Q76157543,NA,0,1
Q76157544,Margery Cornish,2,1
Q76157546,NA,0,1
Q76157547,Mary Everard,1,1
Q76164984,Joan Mallory,1,1
Q76165864,John Shelley,0,2
Q76165866,Beatrice Hawkwood,1,2
Q76165867,John Shelley,0,2
Q76165871,Sir Hamon Belknap,1,3
Q76165873,Alice Belknap,7,2
Q76165875,Sir John Shelley,5,2
Q76165878,Mary Fitzwilliam,8,2
Q76165879,John Shelley,3,1
Q76165885,NA,0,1
Q76166111,NA,0,1
Q76169674,NA,0,1
Q76169677,Margaret Willoughby,4,1
Q76169679,NA,0,1
Q76174313,Philip Belknap,8,1
Q76183944,"Thomas le Botiler, 4th Lord Sudeley",1,2
Q76183945,Elizabeth Belknap,7,1
Q76183946,Alice Beauchamp,2,2
Q76183947,"John le Botiler, 5th Lord Sudeley",4,0
Q76183949,"William le Botiler, 6th Lord Sudeley",4,1
Q76183950,NA,0,1
Q76183954,NA,0,1
Q76183957,Elizabeth Botiler,4,3
Q76183963,NA,0,1
Q76183965,William Belknap,8,1
Q76196593,William Villiers,1,1
Q76197503,Thomas Tupper,1,2
Q76197507,Martha Mayhew,2,2
Q76197509,Eliakim Tupper,6,0
Q76197511,Eliakim Tupper,3,0
Q76201105,NA,0,1
Q76201108,Sir Thomas Harcourt,0,2
Q76201112,Joan Francis,0,2
Q76201125,Sir Richard Harcourt,3,4
Q76201129,Edith St. Clere,1,2
Q76201130,Sir Christopher Harcourt,3,1
Q76201132,NA,0,1
Q76206685,NA,0,1
Q76214368,Gruffudd ap Gwilym,0,2
Q76214369,Generys ferch Madog,0,2
Q76214372,Robin ap Gruffudd ap Gwilym,5,2
Q76214373,Rhys ap Gruffudd,5,0
Q76214376,Rhys ap Gruffudd,2,0
Q76214377,NA,0,1
Q76214383,NA,0,1
Q76214389,Gruffudd Derwas ap Meurig,4,0
Q76214393,Dafydd ab Ieuan,2,0
Q76214402,Henry Fychan Salesbury,7,0
Q76215134,Morfudd Goch,0,2
Q76215138,NA,0,1
Q76218732,NA,0,1
Q76218735,Agnes Blount,4,1
Q76220738,John Harcourt,3,0
Q76238123,Margaret de Willoughby,2,0
Q76241014,NA,0,1
Q76241015,Isabel de la Haye,3,1
Q76241017,Thomas de la Haye,0,2
Q76241018,Joan Babthorpe,0,2
Q76248176,Joane FitzHugh,4,1
Q76253975,Agnes Constable,2,2
Q76253978,NA,0,1
Q76263773,Margaret de Mowbray,4,1
Q76268796,Maud FitzHugh,5,1
Q76273180,Hywel ap Ieuan Fychan,2,1
Q76273183,Adda ap Iorwerth Ddu,0,2
Q76273185,Iorwerth 'Ddu' ap Ednyfed,6,1
Q76273186,Ednyfed 'Gam' ab Iorwerth Foel,0,2
Q76273211,Llywelyn ap Iorwerth,6,0
Q76273214,Gwladus ferch Llywelyn,0,2
Q76273216,Adda 'Goch' ap Ieuaf ab Adda,0,1
Q76273217,Isabel ferch Gruffudd,4,2
Q76273220,Ednyfed ap Tudor ap Gronwy,8,1
Q76273222,Angharad ferch Ednyfed ap Tudur,2,2
Q76273225,NA,0,1
Q76273226,Hywel ap Tudur,1,0
Q76273227,NA,0,1
Q76273228,Gruffudd ap Rhys,2,0
Q76273231,Catherine Salusbury,7,1
Q76277933,Sir William Tunstall,1,2
Q76277934,Isabella English,0,2
Q76277935,Sir William English,0,1
Q76277936,Katharine Banastre,0,2
Q76277944,Ales (?),0,2
Q76277946,William Tunstall,4,0
Q76277947,Margaret Tunstall,4,1
Q76277948,NA,0,1
Q76277950,NA,0,1
Q76277952,Grace Hamerton,4,1
Q76278018,NA,0,1
Q76278558,NA,0,1
Q76281840,NA,0,1
Q76283072,Thomas ap Robert Vaughan,5,1
Q76289449,NA,0,1
Q76297251,Margaret Hody,3,1
Q76297253,NA,0,1
Q76297255,NA,0,1
Q76297516,NA,0,1
Q76315785,Sir James Shelley,5,0
Q76315786,Sir Edward Shelley,5,0
Q76316256,NA,0,1
Q76322599,NA,0,1
Q76322600,Elizabeth Haute,4,1
Q76323191,NA,0,1
Q76323196,NA,0,1
Q76323842,Richard Sackville,5,1
Q76326562,unknown daughter Hungerford,9,0
Q76326564,unknown daughter Hungerford,9,0
Q76326566,unknown daughter Hungerford,9,0
Q76326567,unknown daughter Hungerford,9,0
Q76326569,unknown daughter Hungerford,9,0
Q76326571,unknown daughter Hungerford,9,0
Q76327639,John Cornish,0,1
Q76328218,Ellen FitzWilliam,8,1
Q76329294,Sir James Harington,6,0
Q76329870,NA,0,1
Q76329873,NA,0,1
Q76329874,Bridget Hoar,1,2
Q76329875,NA,0,1
Q76329876,Tryphena Hoar,1,0
Q76329878,Charles Hoare,0,2
Q76329879,Joanna Hinkesman,0,2
Q76331283,Elizabeth Vaughan,2,2
Q76331285,Thomas Mallory,2,2
Q76331438,Isabel Brereton,3,1
Q76331439,Alice Corbet,0,2
Q76331526,Alice Freeman,2,1
Q76331527,Edmund Freeman,0,1
Q76332923,Richard Shelley,4,0
Q76332924,Sir John Shelley,4,0
Q76336657,Sir Thomas Frowyk,0,2
Q76337448,NA,0,1
Q76337451,NA,0,1
Q76337455,Joan Sturgeon,0,2
Q76337456,Ricchard Sturgeon,0,1
Q76344535,Humphrey Seymour,3,1
Q76344536,NA,0,1
Q76344992,NA,0,1
Q76345013,NA,0,1
Q76345016,Katherine Shelley,5,1
Q76345422,Joan de Cherleton,0,2
Q76345429,John Belknap,8,0
Q76345431,NA,0,1
Q76345433,Anne Belknap,8,1
Q76345435,NA,0,1
Q76345437,Elizabeth Belknap,8,1
Q76345438,NA,0,1
Q76345439,Griselde Belknap,8,1
Q76345441,NA,0,1
Q76345442,NA,0,1
Q76345443,Mary Belknap,7,1
Q76345445,NA,0,1
Q76345450,Griselde Belknap,7,1
Q76345451,NA,0,1
Q76345463,Daniel Belknap,7,0
Q76345465,Margaret Belknap,7,1
Q76345467,NA,0,1
Q76353305,John FitzWilliam,4,2
Q76353307,Ellen Villiers,1,2
Q76353308,Christopher FitzWilliam,8,0
Q76353310,Francis FitzWilliam,8,0
Q76353312,Thomas FitzWilliam,8,0
Q76353313,Richard FitzWilliam,8,0
Q76356343,Sir William Stanley,1,1
Q76357087,NA,0,1
Q76358329,William Belknap,8,0
Q76358863,Sir William Haute,2,1
Q76358864,NA,0,1
Q76359825,NA,0,1
Q76359829,Agnes Thwaites,3,1
Q7647504,Susan Alice Buffett,4,0
Q7647630,NA,0,1
Q7787379,NA,0,1
Q7787966,Thomas Browne,0,2
Q7787982,NA,0,1
Q7789607,Thomas FitzAlan,1,2
Q7789832,Thomas Frowyk,2,2
Q7791577,Thomas Knollys,0,1
Q7791915,NA,0,1
Q7793026,NA,0,1
Q7794997,"Thomas West, 1st Baron West",0,2
Q7794998,"Thomas West, 2nd Baron West",2,1
Q7795453,"Thomas de Berkeley, 5th Baron Berkeley",3,1
Q7851359,Tudur ap Gruffudd,5,0
Q7964279,Walter Beauchamp,2,1
Q7964321,"Walter Blount, 1st Baron Mountjoy",4,2
Q7965191,NA,0,1
Q7965192,"Walter Hungerford, 1. Baron Hungerford",0,3
Q8007044,William Coningsby,9,1
Q8007582,William Danvers,7,0
Q8007781,William Denys,1,2
Q8009090,"William FitzHugh, 4th Baron FitzHugh",6,2
Q8009133,William Fitzwilliam,0,4
Q8011017,William Haute,0,2
Q8014130,William L'Isle,0,2
Q8020750,NA,0,1
Q83372603,Margery Knolles,1,1
Q84284455,Hannah Mayhew,2,0
Q84766147,NA,0,1
Q86530522,NA,0,1
Q87263926,NA,0,1
Q87653589,Anne Berkeley,3,2
Q87842784,NA,0,1
Q88218120,Anne Winthrop,2,2
Q88218243,Thomas Fones,0,2
Q89267333,Elizabeth Cornell,6,1
Q90162822,Samuel Appleton,1,1
Q90162863,Sarah Appleton,3,2
Q90163166,Samuel Phillips,3,0
Q90163404,Samuel Phillips,0,2
Q90177625,Margaret Worsley,3,1
Q90177947,Margery Whetehill,1,1
Q90178033,Mary Isaac,0,1
Q91205397,NA,0,1
Q91555997,Henry J. Howland,5,0
Q91555999,Arthur Howland,5,0
Q91807710,Thomas Cornell,6,0
Q92326920,NA,0,1
Q92327581,Edward Doty,6,1
Q92327665,Sarah Doty,3,1
Q92371644,John Appleton,2,0
Q92464290,Jacklyn Gise,0,3
Q92466067,Kristianne Gates,4,0
Q92466304,Libby G. MacPhee,4,0
Q92560289,Mary Doty,3,0
Q92597022,Thomas Gibson Walton,0,2
Q92759,Larry Ellison,0,4
Q934384,"Richard Woodville, 1. Earl Rivers",2,1
Q96075441,NA,0,1
Q96075442,Katherine de Pabenham,0,2
Q96075536,Isabel Dyggs,1,2
Q96075538,NA,0,1
Q96075542,Humphrey Sackville,0,2
Q96075543,Catherine Browne,7,2
Q96075552,Joane Moynes,0,3
Q96075553,NA,0,1
Q96075766,NA,0,1
Q96075919,Anne Fettiplace,1,1
Q96075951,NA,1,0
Q96075963,NA,0,1
Q96075964,Anne Croft,6,1
Q96075967,NA,0,1
Q96075968,Alicia dela Bere,2,1
Q96076104,NA,0,1
Q96076105,NA,0,1
Q96076106,NA,0,1
Q96076107,NA,0,1
Q96076725,Josiah Chapin,5,2
Q96076726,NA,0,1
Q96076727,Cecily Penny,0,2
Q96077371,Johanna Hoar,3,1
Q96197983,Mareen Duvall 'the Younger',7,0
Q96198423,Edward Tyler,1,0
Q96198424,Edward Tyler,1,1
Q96198425,Robert Tyler,0,1
Q96198426,Susannah Duvall,7,1
Q96198427,Elizabeth Duvall,0,1
Q96198428,Samuel Duvall,7,2
Q96198429,Elizabeth Ijams,1,2
Q96198937,Mary Day,3,0
Q96199083,Elizabeth Foote,6,0
Q96199102,Thomas Day,3,0
Q96199103,Robert Day,0,1
Q96199106,Editha Stebbins,1,1
Q96199473,Mary Emerson,1,0
Q96199474,Thomas Emerson,0,1
Q96199475,Philippa Perkins,2,1
Q96199478,Jacob Perkins,2,1
Q96199479,John Perkins Jr.,4,1
Q96199480,Elizabeth (Westly),0,1
Q96199481,Sarah Wainwright,0,1
Q96201178,William Henry Gates,0,1
Q96201179,William Henry Gates,0,2
Q96201180,Joseph Stanton Gates,0,1
Q96201182,Israel Gates,0,1
Q96201183,Simon Gates,0,1
Q96201184,Caleb Gates,3,1
Q96201186,Mary Fobes,0,1
Q96201187,Prudence Billings,0,1
Q96201189,Ruth,0,1
Q96201190,Martha Satterlee,0,1
Q96201191,Rebecca Eppinhauser,0,2
Q96201192,Lillian Elizabeth Rice,0,1
Q96201199,James Willard Maxwell,0,1
Q96201200,James Willard Maxwell,0,1
Q96201202,Thomas George Maxwell,0,1
Q96201203,Louisa Mary Woodworth,0,1
Q96201204,Harvey Woodworth,0,1
Q96201206,Luther Woodworth,0,1
Q96201207,Joseph Woodworth,0,1
Q96201208,Sally Gould,0,1
Q96201209,Nancy Couse,0,1
Q96201210,Emeline (Emily) Keeler Brush,0,1
Q96201211,George Phillips Brush,1,1
Q96201212,Daniel Brush,0,1
Q96201213,Hannah Phillips,0,1
Q96201214,Polly Keeler,0,1
Q96201215,Belle Oakley,0,1
Q96201216,Oscar Rodman Oakley,0,1
Q96201217,Gabriel Linch Oakley,0,1
Q96201218,Delia Jane Tupper,0,1
Q96201219,Chauncey Tupper,0,1
Q96201220,Thomas Tupper,0,1
Q96201221,Parthenia Paqua,0,1
Q96201222,Delia Gibbs,0,1
Q96201223,Isabella A. Thompson,0,1
Q96201224,Adele Thompson,0,1
Q96201228,Samuel Phillips,1,1
Q96201229,George Phillips,0,1
Q96201230,George Phillips,3,1
Q96201232,"Thomas Appleton, of Waldingfield Parva, Suffolk",1,1
Q96201233,"William Appleton, of Waddingfield Parva, Suffolk",0,1
Q96201235,"Edward Isaac, of Well Court",0,1
Q96201236,Judith Everard,0,1
Q96201237,John Everard,0,1
Q96201238,Thomas Everard,0,1
Q96201239,Margaret Wiseman,0,1
Q96201240,Judith Bourne,0,1
Q96201241,Sarah Hallett,5,1
Q96201242,Elizabeth Mills,0,1
Q96201243,Sarah Mills,0,1
Q96201443,Thomas Duvall,0,1
Q96201444,Nicola Staggard,0,1
Q96201445,Suzanna,0,1
Q96201446,William Ijams,0,1
Q96201447,Elizabeth Cheney,2,1
Q96201448,Richard Cheyney,0,1
Q96201449,Charity,0,1
Q96201542,Ann Cheyney,2,0
Q96201661,Jacob Perkins,4,0
Q96202293,Samuel Cornell,6,0
Q96202585,Priscilla Faunce,6,0
Q96209934,John Freeman,0,1
Q96209935,Agnes Cocke,0,1
Q96209936,Alice Coles,0,1
Q96213065,"Robert Appleton, of Waddingfield",0,1
Q96213066,Mary Mountney,0,1
Q96213070,Agnes Jermyn,1,1
Q96213071,"William Isaac, of Patrixbourne",1,1
Q96213073,Margery Hawte,2,1
Q96213075,Elizabeth Muston,0,1
Q96213076,Henry Everard,0,1
Q96213078,NN,0,1
Q96215902,Ruth Gates,3,0
Q96215947,John Perkins 'the Elder',0,1
Q96215948,Judith Gater,0,1
Q96216078,John Stanley II,2,0
Q96216120,Henry Perkins,1,1
Q96216121,Elizabeth Sawbridge,0,1
Q96216128,Mary Marvin,6,0
Q96216502,John Brooke,0,1
Q96216503,Elizabeth Whetman,0,1
Q96216559,Aaron Day,1,0
Q96216560,Benjamin Day,2,1
Q96216561,John Day Jr.,1,1
Q96216562,Grace Spencer,1,1
Q96216563,Margaret Foote,3,1
Q96216894,Abigail Noyes,2,0
Q96216895,Peter Noyes,0,1
Q96216896,"Thomas Noyes, of Weyhill",0,1
Q96216897,Dorothy,0,1
Q96216898,Elizabeth Smith,0,1
Q96216899,Richard Smith,0,1
Q96216900,Julian,0,1
Q96216921,Dorothy Noyes,2,0
Q96217463,Reynold Marvin,1,0
Q96217464,Edward Marvin,0,1
Q96217465,Margaret,0,1
Q96217483,Reinold Marvin,0,1
Q96217484,John Marvin,0,1
Q96217485,Margaret,0,1
Q96217486,Joan,0,1
Q96219123,Ernest P. Buffett,0,1
Q96219124,Sidney Homan Buffett,0,1
Q96219125,David Nathaniel Buffett,0,1
Q96219126,Zebulon Buffett,0,1
Q96219127,Elizabeth Chichester,0,1
Q96219128,Ebenezer Chichester,0,1
Q96219129,Eliphalet Chichester,0,1
Q96219130,Mary Pine,0,1
Q96219131,Keziah Ketcham,0,1
Q96219132,Fanny Maria Homan,0,1
Q96219133,Evelyn Ketcham,0,1
Q96219134,Henrietta Duval,0,1
Q96219136,John Ammon Stahl,0,1
Q96219137,Stella Frances Barber,0,1
Q96219138,Ford Bela Barber,0,1
Q96219140,Bela Barber,1,1
Q96219141,Stephen Barber,0,1
Q96219142,Alice Cass,0,1
Q96219143,Margaret Jones,0,1
Q96219144,Susan Ann Watson,0,1
Q96219145,John Watson,0,2
Q96219146,Deborah Collomore Pennell,0,2
Q96219147,Thomas Pennell,0,1
Q96219149,Stephen Pennell,0,1
Q96219150,Mary Cotton,1,1
Q96219151,Thomas Cotton,0,1
Q96219152,Agnes Smith,0,1
Q96219153,Rhoda Mallet,0,1
Q96219158,Jeremiah Chichester,0,1
Q96219159,James Chichester,0,1
Q96219160,James Chichester,0,1
Q96219161,Eunice Porter,0,1
Q96219162,Elizabeth Davis,0,1
Q96219163,Sarah Witman Brush,0,1
Q96219167,Leonard Cotton,0,1
Q96219168,Thomas Cotton,0,1
Q96219171,Anthony Lisle,0,1
Q96219172,Thomas Lisle,0,1
Q96219174,Mary Moore,0,1
Q96219175,Elizabeth Dormer,0,1
Q96219185,William Beconshaw,0,1
Q96219186,Alice White,0,1
Q96219188,Edith Bond,0,1
Q96219189,"William Bond, of Blackmanston",1,1
Q96219191,"Denis Bond, of Lutton",0,1
Q96219192,Alice Samways,0,1
Q96219193,Ann Long,0,1
Q96219195,Hannah,0,1
Q96237443,Abigail Stanley,2,0
Q96237447,Robert Stanley,0,1
Q96237449,Ruth Garland,0,1
Q96237590,Joseph Gaylord,2,0
Q96237591,Walter Gaylord,0,1
Q96237593,William Gaylord,0,1
Q96237594,Mary Walter,0,1
Q96237595,Mary Stebbins,0,1
Q96237597,Edward Stebbins,1,1
Q96237599,Frances Tough,0,1
Q96243838,Gruffudd ab Einion ap Gwyddelwern ap Gruffyd,4,1
Q96243951,Jane Mallory,2,0
Q96243952,Capt. Roger Mallory,0,1
Q96243956,Jane Holland,0,1
Q96243957,Jane Holland,0,1
Q96243991,"Robert Fychan ap Gruyffud Hywel, of Talhenbont",2,1
Q96243995,Gruffudd ap Hywel ap Madog,5,1
Q96243998,Hywel ap Madog ap Ieuan,1,1
Q96244000,"Madog ap Ieuan ab Einion, of Pennarth of Pennarth",6,1
Q96244002,Gwerful ferch Rhys ap Tudur ap Gronwy,1,1
Q96244009,Efa ferch Gruffudd Goch ab Adda ap Madog,2,1
Q96244010,Erddylad ferch Gruffudd ap Hywel Coetmor ap Gruffudd Fychan,2,1
Q96244012,Lowri ferch Dafydd ap Rhys ap Ieuan,1,1
Q96244015,"Dafydd ap Rhys ap Ieuan, of Cymer of Cymer",0,1
Q96244019,Mali verch Ieuan ab Einion ap Gruffudd,2,1
Q96244022,"Ieuan ab Einion ap Gruffudd, of Cryniarth of Cryniarth",4,1
Q96244025,Gruffudd ap Llywelyn ap Cynwrig,3,1
Q96244027,Efa ferch Madog ab Elise ap Iorwerth,0,1
Q96244028,Tangwystl ferch Rhydderch ap Ieuan Llwyd,7,1
Q96244029,Angharad ferch Dafydd ab Y Giwn Llwyd ap Dafydd,2,1
Q96244030,Lowri ferch Huw Conwy Hen ap Robin ap Gruffudd Goch,4,1
Q96244032,Catrin ferch Gruffudd John Gruffudd,1,1
Q96244034,"Gruffudd ap John ap Gruffudd, of Cefnamwlch of Cefnamwlch",1,1
Q96244036,"John ap Gruffudd ap Dafydd, of Cefnamwlch of Cefnamwlch",1,1
Q96244038,Gruffudd ap Dafydd Fychan ap Ieuan,2,1
Q96244040,Dafydd Fychan ap Ieuan ap Maredudd of Cefnamwlch,3,1
Q96244042,Ieuan ap Maredudd ap Ieuan Goch of Penllech,2,1
Q96244045,Maredudd ab Ieuan Goch ap Dafydd Goch of Penllech,0,1
Q96244047,Morfudd ferch Gruffudd ap Llywelyn Fychan ap Llywelyn,0,1
Q96244048,NN,0,1
Q96244050,Catrin ferch Hywel ap Llywelyn ap Gruffudd,0,1
Q96244053,Margred ferch Hywel y Farf ap Llywelyn ap Hywel,4,1
Q96244056,Annes ferch John ap Maredudd ap Ieuan,8,1
Q96244059,Margred verch Owain ap Meurig ap Llywelyn,8,1
Q96244272,Mary Foote,1,0
Q96305877,Samuel Keeler,1,0
Q96305878,Jonah Keeler,2,1
Q96305879,Ruth Smith,1,1
Q96311147,Edmond Titus,2,0
Q96311202,Martha Mallory,1,0
Q96311647,William Cave,2,0
Q96311649,Mary Mallory,1,0
Q96311650,Roger Mallory,0,1
Q96311651,Roger Mallory,2,1
Q96311655,"Sir William Mallory, of Studley",3,1
Q96311657,Ursula Gale,2,1
Q96311658,Jane Bower,0,1
Q96311662,Mary Holderby,0,1
Q96311664,Sarah Street,0,1
Q96311724,Nancy Lee Lawrence,0,2
Q96311727,Reuben Moore Lawrence,0,1
Q96311728,Reuben Lawrence,0,1
Q96311729,Rebecca Moore,0,1
Q96311731,William Moore,0,1
Q96311733,Rebecca Hite Smith,0,1
Q96311736,John Smith,0,1
Q96311737,Sarah Mallory,0,1
Q96311738,Uriel Mallory,1,1
Q96311742,Hannah Cave,2,1
Q96311744,Mary Ellen James,0,1
Q96311843,William Mallory,2,0
Q96311985,Nest ferch Gruffudd ab Adda ap Gruffudd ap Madog of Dol-gôch,0,2
Q96318366,"Thomas Appleton, of Waddingfield Parva, Suffolk",1,1
Q96318367,"John Appleton, of Wadingfield Parva",0,1
Q96318373,Margaret Welling,0,1
Q96318375,Margerie Crane,0,1
Q96318381,"Thomas Jermyn, of Rushbrooke",0,1
Q96318382,"Thomas Jermyn, of Rushbrooke",0,1
Q96318387,"Margaret Leyman, of Ipswich",0,1
Q96318389,Catherine Bernard,1,1
Q96318390,"Sir John Bernard, of Norfolk & Suffolk",1,1
Q96318391,"Robert Bernard, of Isleham",0,1
Q96318392,Elizabeth Lillying (Lilling),0,1
Q96318396,"Ellen Mallory, of Norfolk",0,1
Q96318398,"John Mallory, of Welton (Wooton)",0,1
Q96318399,Jane Lane,0,1
Q96318401,"Sir Thomas Hawte, of Bishopsbourne",0,1
Q96318406,"Sir William Hawte, of Bishopsbourne",4,1
Q96318410,Joan Horne,0,1
Q96318415,Isabel Frowick,2,1
Q96318418,Henry Frowick,2,1
Q96318421,Isabel,0,1
Q96318426,Joan Cotton,2,1
Q96318428,"Adrian Whetehill, Comptroller of Calais",2,1
Q96318432,Joan,0,1
Q96318443,Thomas Everard,1,1
Q96318444,"Thomas Everard, of Much Waltham",0,1
Q96318446,John Everard,0,1
Q96318449,Catherine,0,1
Q96318450,"Joan Cornish, of Much Waltham",2,1
Q96318456,Agnes Waltham,0,1
Q96318458,Mary Cornish,0,1
Q96318460,John Cornish,2,1
Q96318463,Agnes Walden,0,1
Q96322773,William Stebbins,0,1
Q96322774,Mary,0,1
Q96322805,Robert Prowse,1,0
Q96337934,William Ijams,1,0
Q96337990,Benjamin Duvall,0,1
Q96337991,Benjamin Duvall,7,1
Q96337993,Sophia Griffith,0,1
Q96338043,Mareen Duvall 'the Elder',7,1
Q96338044,NA,0,1
Q96338759,Richard Cheyney,2,0
Q96346399,Thomas Perkins,0,1
Q96346400,Alice (Kebble),0,1
Q96372447,Thomas Doty,6,0
Q96376783,NA,0,1
Q96376882,Isaac Perkins Sr.,1,0
Q96413292,Martha Thomas,3,0
Q96413885,John Doty,6,0
Q96414252,Israel Tupper,6,0
Q96480382,William Spencer,3,0
Q96480383,Gerard Spencer,0,1
Q96480384,Alice Whitbread,0,1
Q96480768,Richard Prowse,0,1
Q96480771,John Prowse,0,1
Q96480775,Agnes Bampfield,1,1
Q96480778,Thomas Bampfield,0,1
Q96480781,John Bampfield,0,1
Q96480784,Joan Gilbert,0,1
Q96480787,Agnes Coplestone,0,1
Q96480790,Margaret Norton,0,1
Q96572775,Adam Winthrop,0,1
Q96572776,Agnes Sharpe,0,1
Q96572777,"Henry Browne, of Prittlewell, Essex",0,1
Q96572778,Agnes Browne,0,1
Q96572780,Elizabeth Tyler,1,0
Q96756817,NA,0,1
Q96777045,Nathaniel Dickinson,6,0
Q96778118,"Richard Fettiplace, of East Shefford",2,1
Q96778119,Elizabeth Besilles (Bessells),0,1
Q96778288,John Feake,3,0
Q96778436,Elizabeth Feake,3,0
Q96778504,Hannah Feake,3,0
Q96983843,Sarah Day,3,0
Q96985153,Joanna Gaylord,2,0
Q96985260,Ralph Tough,0,1
Q96985262,NN,0,1
Q97041384,Mary Hatch,6,0
Q97094276,Job Drake,7,0
Q97094795,Thomas Perkins,4,0
Q97094802,Abraham Perkins,2,0
Q97094807,Lemuel Woodworth,1,1
Q97094808,Elizabeth Hunt,1,1
Q97094809,Thomas Hunt,0,1
Q97094810,William Hunt,0,1
Q97094811,Sarah Emerson,1,1
Q97094812,Mary Smith,0,1
Q97103884,Sarah Marvin,6,0
Q97531963,Mary Howland,3,0
Q97536585,Medad Tupper,6,0
Q97568561,"Isabel Clifton, of Bradborne",3,0
Q97568635,"Sir Henry Frowick, of Ipswell, Oxon",2,0
Q97657948,Richard Cornell,0,1
Q97657949,Mary,0,1
Q97748633,NA,0,1
Q97749941,Ted Jorgensen,0,2
Q98051103,"Peter Noyes, of Weyhill",0,1
Q98051106,Edith Blake,0,1
Q98051110,"Thomas Smith, of Ore",0,1
Q98051113,Helen Pococke,0,1
Q98053388,Elizabeth Isaac,1,0
Q98053394,James Isaac,0,1
Q98053399,Bennet Guildford,2,1
Q98103241,"John Langston, of Caversfield",1,0
Q98103243,"John Langston, of Caversfield, Oxon",0,1
Q98103244,Elizabeth Denton,0,1
Q98103245,Amy|Amicia Danvers,7,0
Q98103768,"Thomas Tupper, III",6,0
Q98103921,John Day,3,1
Q98103923,Mary Gaylord,2,1
Q982472,Henry Beaufort,8,1
Q98399850,Huw ab Owain,8,0
Q98422877,Robert Foote,6,0
Q98961345,Adam Winthrop,0,1
Q98961348,Joane Burton,0,1
Q98961349,"Robert Sharpe, of Islington",0,1
Q98961353,Elizabeth,0,1
Q98961916,"Roger Seymour, of Andover, Hamps.",1,0
Q98967062,Eleanor Dennis,2,0
Q98967065,"Walter Dennis, of Siston, Gloucs",1,2
Q98967073,Margaret Russell,2,1
Q98967076,Katherine Stradling,2,1
Q98967081,Agnes Danvers,2,2
Q98967083,"Sir Robert Danvers, of Ipswell",7,1
Q98967088,Agnes Delabar (de la Bere),0,1
Q98967092,Sir Richard de la Bere (Delabar),3,1
Q98967094,Joan West,2,1
Q98967126,John Sharp,0,1
Q98967129,Joan,0,1
Q98967137,John Dennis,1,0
Q98967174,Isabel Berkeley,9,0
Q98967517,"Walter Cotton, of Landwade, Cambs",0,1
Q98967518,"John Cotton, of Coton & Cambridge",0,1
Q98967522,Margaret,0,1
Q98967523,"Joan Reade, of Checkendon, Oxon",1,1
Q98967524,"John Reade (Read), of Checkenden (Checkingden), Oxon",0,1
Q98967525,Cecilia Harlyngrugge,0,1
Q99066601,"James Berkeley, of Thornbury",3,0
Q99066709,Gaenor ferch Robert ap Maredudd ap Hwlcyn Lloyd of Glynllifon,5,0
Q99066717,Robert ap Maredudd ap Hwlcyn Llwyd (Lloyd) ap Tudur Gôch of Glynllifon,3,1
Q99066727,"Ellen Bulkeley, of Beaumaris",3,1
Q99066781,Morus ap John ap Maredudd ab Ieuan of Clenenney,8,0
Q99067957,Lora FitzHugh,5,0
Q99068149,Matilda|Janet? Dennis,1,0
Q99068428,"Madog Puleston, of Cristionydd",5,0
Q99068480,Angharad ferch Gruffudd ap Llywelyn ap Cynwrig ab Osbwrn Wyddel of Cors y Gedol,2,0
Q99068529,Lleucu ferch Dafydd ab Y Giwn Llwyd (of Yr Hendwr) ap Dafydd ap Madog,2,0
Q99069537,Sir Robert Whitney,1,0
Q99069788,Maredudd ap Hwlcyn Lloyd ap Tudur Gôch ap Gronwy of Glynllifon,1,1
Q99069795,Hwlcyn Lloyd ap Tudur Gôch ap Gronwy ab Einion of Glynllifon,0,1
Q99069806,Tudur Gôch ap Gronwy ab Einion ab Ieuan of Plas Nantle,0,1
Q99069817,Morfudd ferch Hywel ab Iorwerth Fychan ab Iorwerth Gôch,0,1
Q99069827,Nest ferch Cynwrig ap Maredudd Ddû ap Gronwy,1,1
Q99069833,Cynwrig ap Maredudd Ddû ap Gronwy ap Maredudd ab Iorwerth,0,1
Q99069845,Angharad ferch Madog ap Gryffudd Fychan ap Gruffudd,0,1
Q99069899,Nest ferch Rhys ap Robert ap Gruffudd ap Hywel,6,0
Q99069919,"William Bulkeley, of Cheadle",0,1
Q99069929,"Richard Bulkeley, of Cheadle",8,1
Q99069940,"Sir Richard Bulkeley, of Cheadle, Ches",0,1
Q99069983,Maud|Alice Bostock,1,1
Q99069999,Sir Ralph Bostock,0,1
Q99070014,Isabel Lawton,0,1
Q99070028,"Elen ferch Gwilym ap Gruffudd Gwilym, of Penrhyn",3,1
Q99070099,Janet Stanley,1,1
Q99070143,William Fychan (Griffith) ap Gwilym ap Gruffudd ap Gwilym of Penrhyn,3,0
Q99070237,Gruffudd ap Hywel y Farf ap Llywelyn ap Hywel of Treiorworth,4,0
Q99070243,"Hywel y Farf ap Llywelyn ap Hywel ab Iorwerth Ddû ab Iorwerth Ddû, of Treiorworth",2,1
Q99070257,Llywelyn ap Hywel ab Iorwerth Ddû ab Iorwerth,4,1
Q99070269,Mallt ferch Rhys ab Ieaun ab Einion ap Gruffudd ap Hywel ap Maredudd,2,1
Q99070276,Rhys ab Ieuan ap Gruffudd ap Hywel ap Maredudd of Madryn,3,1
Q99070287,Angharad ferch Gruffudd ap Madog Gloddaith ap Madog Fychan ap Madog,1,1
Q99070297,Nest Fechan ferch Maredudd ap Hwlcyn Llwyd ap Tudur Gôch,3,0
Q99070332,John ap Maredudd ab Ieuan ap Maredudd of Ystumcegid,1,1
Q99070343,Maredudd ab Ieuan ap Maredudd ap Hywel of Ystumcegid,2,1
Q99070350,Ieuan ap Maredudd ap Hywel ap Dafydd of Cefn-y-fan,3,1
Q99070363,Lleucu ferch Hywel ap Meurig Fychan ab Ynyr Fychan ab Ynyr,1,1
Q99070370,Margred verch Einion ab Ithel ap Gwrgeneu Fychan ap Gwrgeneu of Rhiwaedog,1,1
Q99070379,Einion ab Ithel ap Gwrgeneu Fychan ap Gwrgeneu,1,1
Q99070389,Mallt ferch Maradudd Ddû ap Gruffudd ap Maredudd ab Einion,2,1
Q99070397,Gwenhwyfar ferch Gronwy ab Ieuan ab Einion,5,1
Q99070408,Gronwy ab Ieuan ab Einion ap Gruffudd of Gwynfryn,6,1
Q99070430,Ieuan ab Einion ap Gruffudd ap Hywel of Bron-y-Foel,3,2
Q99070439,Gwenhwyfar verch Einion (of Ceinmyrch) ab Ynyr Fychan (of Nannau) ab Ynr,1,1
Q99070448,Eleanor|Elen Puleston,5,1
Q99071353,Rhydderch ab Ieuan Llwyd ab Ieuan ap Gruffudd Foel of Castell-odwyn,0,1
Q99071403,Margred ferch Gruffudd Gryg ab ieuan Fychan ab Ieuan ap Rhys,0,1
Q99071692,Elen ferch Thomas ap Llywelyn ab Owain ap Maredudd,0,1
Q99072218,Rhys ap Robert ap Gruffudd ap Hywel,0,1
Q99072277,Gwladus Drahaus ferch Madog Llwyd ab Iorwerth Foel ab Iorwerth Fychan,0,1
Q99072487,Hywel ap Meurig Fychan ab Ynyr Fychan ab Ynyr,0,1
Q99072497,Meurig Fychan ab Ynyr Fychan ab Ynyr ap Meurig of Nannau,6,0
Q99072508,Ynyr Fychan ab Ynyr ap Meurig ap Madog of Nannau,0,1
Q99072526,Gwenhwyfar ferch Gruffudd ap Gwen ap Gronwy,0,1
Q99072581,NN,0,1
Q99072588,Ithel ap Gwrgeneu Fychan ap Gwrgeneu,0,1
Q99072626,Maredudd Ddû ap Gruffudd ap Maredudd ab Einion,0,1
Q99072675,Einion ap Grufudd ap Llywelyn of Gwynfryn,0,1
Q99073219,Einion ab Ynyr Fychan ab Ynyr ap Meurig of Ceinmeirch,6,1
Q99073259,Gwenhwyfar verch Einion 'y Mab' ap Gruffudd Foel ab Ieuan ab Adda,0,1
Q99073294,"Sir Richard Puleston, of Emral",0,1
Q99073349,Lleucu ferch Madog Foel ab Ieuaf ap Llywelyn ap Cynwrig Efell ap Madog ap Maredudd ap Bleddyn ap Cynfyn,0,1
Q99075659,Mallt ferch Gruffudd ap Dafydd Llwyd ap Hwfa ap Madog,0,2
Q99075723,Efa ferch Gruffudd ap Dafydd Gôch ap Dafydd,0,1
Q99075772,Gruffudd ap Madog Gloddaith ap Madog Fychan ap Madog,0,1
Q99082377,Gwenhwyfar|Gwenllian verch Adda Gôch ab Ieuaf ab Adda ab Awr of Trevor,1,1
Q99082409,Angharad ferch Dafydd,0,1
Q99082491,Llywelyn ab Ednyfed Gam ab Iorwerth Foel ab Iorwerth Fychan,6,0
Q99082540,Dafydd ab Y Gwion Llwyd ap Dafydd ap Madog of Hendwr,1,1
Q99082549,Y Gwion Llwyd ap Dafydd ap Madog of Hendwr,0,1
Q99082569,Mali ferch Dafydd ap Hywel ap Gruffudd ab Owain,3,1
Q99082590,Dafydd ap Hywel ap Gruffudd ab Owain of Maesmor,0,2
Q99082619,Angharad ferch Rhys ap Rotpert ap Gruffudd of Kinmael,6,1
Q99084425,Isabel Childrey,0,1
Q99094145,"Thomas Bernard, of Clare, Suffolk",1,0
Q99107546,"Richard Chamberlain, of Tilsworth, Beds",1,0
Q99107561,"Joan Danvers, of Colthorpe",7,0
Q99154221,"Sir John Pecche, of Hampton",0,1
Q99154226,Margaret|?Katherine,0,2
Q99155815,Sir Godfrey Foljambe,0,1
Q99155835,Margaret de Villiers,0,1
Q99156499,"Lawrence Hamerton, of Wigglesworth",0,1
Q99156505,"Richard de Hamerton, of Hamerton, lord of Hamerton, Knolsmere, Wigglesworth & Hellifield",0,1
Q99156509,"Adam de Hamerton, lord of Hamerton",0,1
Q99156514,Katherine Knolle,0,1
Q99156522,"Elizabeth Radcliffe, of Langfield",0,1
Q99156535,"Isabel Tempest, of Bracewell",3,1
Q99171619,"Sir Gerard Sothill, of Redbourne",1,0
Q99177450,Jane Hawte (Haute),2,0
Q99186887,Margaret,0,1
Q99188261,Joan (or Agnes),0,1
Q99199155,"Elizabeth Butler (Boteler), of Bewsey",0,1
Q99201233,Alice Couen (Coven),0,1
Q99211427,Jane|Joan Beler,1,0
Q99220283,Deborah Howland,3,0
Q99249854,Mary Payson,3,0
Q99302473,Tibod verch Einion ap Gruffydd ap Llywelyn of Cors y Gedol,4,0
Q99399789,"James Draper, Jr.",4,0
Q99432351,Elizabeth (Howland) Low,3,0
Q99600447,Mary Eames,2,0
Q99600448,Elizabeth Oakman,3,0
Q99674956,"Cecily Mainwaring, of Over Peover",8,0
Q99690358,"Thomas Noyes, of Weyhill",0,1
Q99690362,Agnes,0,1
Q99690367,"Richard Pococke, of Chieveley",0,1
Q99690368,Elizabeth Webb,0,1
Q99735441,Margery Flint,3,0
Q99767733,Joanna Hody,3,0
Q99769143,Benjamin Woodworth,2,0
Q99769145,"Joseph Woodworth, Sr.",3,0
Q99769198,Benjamin Woodworth,3,1
Q99769205,Margaret Fish,2,0
Q99769225,"Joseph Woodworth, Jr.",2,0
Q99769231,Ruth Owen,0,1
Q99769232,Ruth Owen,3,0
Q99769237,Hannah Woodworth,2,1
Q99769238,Martha Damon,3,0
Q99769246,"Thomas Tupper, Sr.",3,1
Q99769425,Isaac Woodworth,3,0
Q99800240,Isabel Hathaway (Hatheway),0,1
Q99800348,"Richard Cornwall (Cornewall), 5th Baron of Burford",0,3
Q99800370,Cecilia Seymour,0,2
Q99800408,Alice Talbot,0,1
Q99803652,"Sir William Mallory, of Studley",1,1
Q99803683,"Sir William Mallory, of Studley",0,1
Q99803700,"Sir John Mallory, of Studley",0,1
Q99803713,"William Mallory, of Hutton-Conyers",0,1
Q99803734,Christopher Mallory,0,1
Q99803746,Isabel,0,1
Q99803748,"Denise|Dionisia Tempest, of Studley",2,1
Q99803763,Alianore Washington,0,1
Q99803765,Isabel Hamerton,4,1
Q99803789,"Joan Constable, of Halsham",3,1
Q99803833,"Sir William Constable, of Halsham",0,1
Q99803842,"Elizabeth Metham, of Metham",1,1
Q99803886,Laura|Lora FitzHugh,4,1
Q99803952,"Edmund Thwaites, of Lund",1,1
Q99803961,"Henry Thwaites, of Lund",2,1
Q99803980,"Thomas Thwaites, of Denton",3,1
Q99803993,"Sir John Thwaites, of Thwaites",0,1
Q99803996,Joan de Thornton,0,1
Q99804002,"Alice de la Hay, of Spaldington",3,1
Q99804009,NN,0,1
Q99804016,Joan|Jane,0,1
Q99804021,"Jane Norton, of Norton Conyers",3,1
Q99804028,"Sir John Norton, of Norton-Conyers",1,1
Q99804047,"Sir John Norton, of Norton-Conyers",0,1
Q99804061,"Richard Norton, of Norton-Conyers",2,2
Q99804077,Adam Norton,0,2
Q99804088,Alice Nunwicke,0,2
Q99804104,Katherine Manningham,0,2
Q99804119,"Elizabeth Tempest, of Studley",2,2
Q99804140,Sir William Washington,0,1
Q99804145,Margaret de Moreville,0,1
Q99804153,"Joan Pigott, of Clotherham",1,1
Q99804161,"Randolph Pigott, of Clotherham",1,1
Q99804176,"Sir Geoffrey Pigott, of Clotherham",0,1
Q99804195,"Sir Randolph Pigot, of Melmorby",0,1
Q99804204,"Joan Clotherham, of Clotherham",0,1
Q99804221,Emma Leeds,0,1
Q99804234,"Sir Roger Leeds, of Northall",1,1
Q99804242,Jane,0,1
Q99804253,Margaret Plumpton,1,1
Q99804258,"Sir Robert Plumpton, of Steeton, Yorks",0,1
Q99804264,Sir William Plumpton,0,1
Q99804266,Alice Gisburne,0,1
Q99804269,Alice Foljambe,1,1
Q99804277,Sir Godfrey Foljambe,1,1
Q99804286,Margaret Leek,2,1
Q99804294,Margaret Warde,1,1
Q99804305,"Sir Roger Warde, of Givendale",0,1
Q99804318,"Sir Roger Warde, of Givendale",0,1
Q99804330,"Sir John Warde, of Givendale",0,1
Q99804342,Sir Simon de la Warde,0,1
Q99804352,Maude,0,1
Q99804362,Katherine Hamerton,0,1
Q99804378,Jane Markenfield,2,1
Q99804383,Sir Thomas Markenfield,0,1
Q99804387,Sir Thomas Markenfeld,0,1
Q99804389,NN Miniott,0,1
Q99804390,Beatrix Sothill,1,1
Q99804405,"Sir Henry Sothill, of Soothill",1,1
Q99804414,Dionysia|Denise,0,1
Q99804421,Jane|Joan Tunstall,4,1
Q99804915,"Oliver Gale, of Thirntoft",0,1
Q99804924,"Ellen Marshall, of Richmond",0,1
Q99804933,Mary Lord,0,1
Q99805126,Sir Robert Plumpton,0,1
Q99805138,Isabella Kirkoswald,0,1
Q99805153,"Sir John Leek (Leeke), of Cotham",0,1
Q99805195,"Isabel Towers, of Somerby",0,1
Q99805244,Sir Henry de Sothill,0,1
Q99805254,"Beatrice de Neville, of Redbourne",0,1
Q99805689,Margaret le Brun,0,1
Q99806052,Avice Marmion,0,1
Q99806111,Margery de Lisle,0,1
Q99806217,Sir Thomas de Metham,0,1
Q99806218,Elizabeth Stapleton,0,1
Q99806990,"Peter de la Hay, of Spaldington",0,1
Q99807093,Elizabeth,0,1
Q99807109,Sir William|Ralph Babthorp,0,1
Q99807139,Maud Hildyard,0,1
Q99856316,Joseph Doty,6,0
Q99859139,Joan de Chelrey (Childrey),0,1
Q99902210,Elizabeth Rockwell,3,0
Q99902304,Lydia Keeler,0,1
Q99902308,Silas Keeler,3,0
Q99904842,Josiah Whitney,5,0
Q99906401,Richard Whitney,5,0
Q99907446,Joseph Whitney,5,0
Q99907721,Henry Whitney,5,0
Q99912192,Anne St. John,5,0
Q99928371,Mercy Lockwood,3,0
NA,NA,2,2
