qid,gen_from_Q312556,gen_from_Q5284,gen_from_Q47213,gen_from_Q92759,gen_from_Q36215,gen_from_Q741784,gen_from_Q736477,gen_from_Q289571,gen_from_Q4934,depth_from_roots
Q102434015,2,NA,NA,NA,NA,NA,NA,NA,NA,2
Q102434144,2,NA,NA,NA,NA,NA,NA,NA,NA,2
Q102434206,2,NA,NA,NA,NA,NA,NA,NA,NA,3
Q102434217,2,NA,NA,NA,NA,NA,NA,NA,NA,3
Q105446586,3,NA,NA,NA,NA,NA,NA,NA,NA,4
Q106630002,3,NA,NA,NA,NA,NA,NA,NA,NA,3
Q106630003,3,NA,NA,NA,NA,NA,NA,NA,NA,3
Q106630007,4,NA,NA,NA,NA,NA,NA,NA,NA,4
Q106630009,4,NA,NA,NA,NA,NA,NA,NA,NA,4
Q106630013,3,NA,NA,NA,NA,NA,NA,NA,NA,3
Q106630015,3,NA,NA,NA,NA,NA,NA,NA,NA,3
Q106630017,4,NA,NA,NA,NA,NA,NA,NA,NA,1
Q106630018,4,NA,NA,NA,NA,NA,NA,NA,NA,1
Q106630021,5,NA,NA,NA,NA,NA,NA,NA,NA,5
Q106630022,5,NA,NA,NA,NA,NA,NA,NA,NA,5
Q106630024,6,NA,NA,NA,NA,NA,NA,NA,NA,6
Q106630025,6,NA,NA,NA,NA,NA,NA,NA,NA,6
Q106630027,6,NA,NA,NA,NA,NA,NA,NA,NA,6
Q106630028,6,NA,NA,NA,NA,NA,NA,NA,NA,6
Q106630032,5,NA,NA,NA,NA,NA,NA,NA,NA,2
Q106630036,5,NA,NA,NA,NA,NA,NA,NA,NA,2
Q106630037,6,NA,NA,NA,NA,NA,NA,NA,NA,3
Q106630038,6,NA,NA,NA,NA,NA,NA,NA,NA,3
Q106630039,6,NA,NA,NA,NA,NA,NA,NA,NA,3
Q106630040,6,NA,NA,NA,NA,NA,NA,NA,NA,3
Q106630046,7,NA,NA,NA,NA,NA,NA,NA,NA,4
Q106630047,7,NA,NA,NA,NA,NA,NA,NA,NA,4
Q106630048,8,NA,NA,NA,NA,NA,NA,NA,NA,5
Q106630050,8,NA,NA,NA,NA,NA,NA,NA,NA,5
Q106630051,8,NA,NA,NA,NA,NA,NA,NA,NA,5
Q106630052,8,NA,NA,NA,NA,NA,NA,NA,NA,5
Q312556,0,NA,NA,NA,NA,NA,NA,NA,NA,1
Q92464290,1,NA,NA,NA,NA,NA,NA,NA,NA,1
Q97749941,1,NA,NA,NA,NA,NA,NA,NA,NA,2
Q100447686,NA,9,NA,NA,NA,NA,NA,NA,NA,1
Q104038327,NA,20,21,NA,NA,NA,NA,NA,NA,3
Q104038328,NA,20,21,NA,NA,NA,NA,NA,NA,1
Q104038330,NA,20,21,NA,NA,NA,NA,NA,NA,3
Q104038332,NA,20,21,NA,NA,NA,NA,NA,NA,3
Q105767146,NA,19,NA,NA,NA,NA,NA,NA,NA,3
Q105767149,NA,20,NA,NA,NA,NA,NA,NA,NA,4
Q105767152,NA,19,NA,NA,NA,NA,NA,NA,NA,3
Q105767157,NA,19,NA,NA,NA,NA,NA,NA,NA,2
Q105767160,NA,19,NA,NA,NA,NA,NA,NA,NA,2
Q105767165,NA,20,NA,NA,NA,NA,NA,NA,NA,3
Q105767170,NA,20,NA,NA,NA,NA,NA,NA,NA,3
Q105767189,NA,19,NA,NA,NA,NA,NA,NA,NA,2
Q105793092,NA,19,NA,NA,NA,NA,NA,NA,NA,4
Q105793095,NA,19,NA,NA,NA,NA,NA,NA,NA,4
Q105793099,NA,19,NA,NA,NA,NA,NA,NA,NA,2
Q105793104,NA,19,NA,NA,NA,NA,NA,NA,NA,2
Q105793107,NA,19,NA,NA,NA,NA,NA,NA,NA,2
Q105793110,NA,19,NA,NA,NA,NA,NA,NA,NA,2
Q105793113,NA,19,NA,NA,NA,NA,NA,NA,NA,3
Q105793122,NA,19,NA,NA,NA,NA,NA,NA,NA,3
Q105794613,NA,19,NA,NA,NA,NA,NA,NA,NA,1
Q105794618,NA,19,NA,NA,NA,NA,NA,NA,NA,1
Q105794655,NA,18,NA,NA,NA,NA,NA,NA,NA,1
Q105794658,NA,19,NA,NA,NA,NA,NA,NA,NA,2
Q105794662,NA,19,NA,NA,NA,NA,NA,NA,NA,2
Q105794667,NA,18,NA,NA,NA,NA,NA,NA,NA,1
Q105794668,NA,19,NA,NA,NA,NA,NA,NA,NA,2
Q105794717,NA,19,NA,NA,NA,NA,NA,NA,NA,2
Q105818325,NA,19,NA,NA,NA,NA,NA,NA,NA,3
Q105818326,NA,19,NA,NA,NA,NA,NA,NA,NA,3
Q105818328,NA,19,NA,NA,NA,NA,NA,NA,NA,3
Q105818329,NA,19,NA,NA,NA,NA,NA,NA,NA,1
Q105881952,NA,8,NA,NA,NA,NA,NA,NA,NA,1
Q105881953,NA,9,NA,NA,NA,NA,NA,NA,NA,1
Q105881954,NA,9,NA,NA,NA,NA,NA,NA,NA,1
Q105881956,NA,8,NA,NA,NA,NA,NA,NA,NA,1
Q105881957,NA,9,NA,NA,NA,NA,NA,NA,NA,1
Q105904628,NA,12,NA,NA,NA,NA,NA,NA,NA,1
Q106634326,NA,3,NA,NA,NA,NA,NA,NA,NA,3
Q106634327,NA,3,NA,NA,NA,NA,NA,NA,NA,3
Q106634328,NA,4,NA,NA,NA,NA,NA,NA,NA,4
Q106634329,NA,4,NA,NA,NA,NA,NA,NA,NA,4
Q106634331,NA,4,NA,NA,NA,NA,NA,NA,NA,4
Q106634332,NA,4,NA,NA,NA,NA,NA,NA,NA,4
Q106634341,NA,5,NA,NA,NA,NA,NA,NA,NA,5
Q106634342,NA,5,NA,NA,NA,NA,NA,NA,NA,5
Q106634343,NA,6,NA,NA,NA,NA,NA,NA,NA,6
Q106634344,NA,6,NA,NA,NA,NA,NA,NA,NA,6
Q106634345,NA,6,NA,NA,NA,NA,NA,NA,NA,6
Q106634346,NA,6,NA,NA,NA,NA,NA,NA,NA,6
Q107273446,NA,3,NA,NA,NA,NA,NA,NA,NA,3
Q107273447,NA,4,NA,NA,NA,NA,NA,NA,NA,4
Q107273448,NA,4,NA,NA,NA,NA,NA,NA,NA,4
Q107273451,NA,3,NA,NA,NA,NA,NA,NA,NA,3
Q107273453,NA,4,NA,NA,NA,NA,NA,NA,NA,4
Q107273455,NA,4,NA,NA,NA,NA,NA,NA,NA,4
Q107273461,NA,5,NA,NA,NA,NA,NA,NA,NA,5
Q107273462,NA,5,NA,NA,NA,NA,NA,NA,NA,5
Q107273463,NA,6,NA,NA,NA,NA,NA,NA,NA,6
Q107273464,NA,6,NA,NA,NA,NA,NA,NA,NA,6
Q107273475,NA,7,NA,NA,NA,NA,NA,NA,NA,7
Q107273479,NA,8,NA,NA,NA,NA,NA,NA,NA,8
Q107273491,NA,7,NA,NA,NA,NA,NA,NA,NA,7
Q107273510,NA,5,NA,NA,NA,NA,NA,NA,NA,5
Q107273516,NA,5,NA,NA,NA,NA,NA,NA,NA,5
Q108102594,NA,11,NA,NA,NA,NA,NA,NA,NA,1
Q108102597,NA,11,NA,NA,NA,NA,NA,NA,NA,1
Q110315929,NA,20,NA,NA,NA,NA,NA,NA,NA,4
Q110730709,NA,20,NA,NA,NA,NA,NA,NA,NA,3
Q110730710,NA,20,NA,NA,NA,NA,NA,NA,NA,3
Q111466684,NA,20,NA,NA,NA,NA,NA,NA,NA,2
Q111466689,NA,20,NA,NA,NA,NA,NA,NA,NA,2
Q114797983,NA,7,NA,NA,NA,NA,NA,NA,NA,7
Q114797984,NA,8,NA,NA,NA,NA,NA,NA,NA,8
Q115287292,NA,10,NA,NA,NA,NA,NA,NA,NA,1
Q115714596,NA,20,NA,NA,NA,NA,NA,NA,NA,5
Q115714609,NA,20,NA,NA,NA,NA,NA,NA,NA,5
Q115714610,NA,20,NA,NA,NA,NA,NA,NA,NA,3
Q115714616,NA,20,NA,NA,NA,NA,NA,NA,NA,3
Q122260348,NA,17,NA,NA,NA,NA,NA,NA,NA,2
Q122260349,NA,17,NA,NA,NA,NA,NA,NA,NA,2
Q122261816,NA,8,NA,NA,NA,NA,NA,NA,NA,8
Q122261817,NA,8,NA,NA,NA,NA,NA,NA,NA,8
Q124913374,NA,12,NA,NA,NA,NA,NA,NA,NA,2
Q131154569,NA,11,NA,NA,NA,NA,NA,NA,NA,2
Q15452170,NA,11,NA,NA,NA,NA,NA,NA,NA,1
Q15917318,NA,11,NA,NA,NA,NA,NA,NA,NA,1
Q16851845,NA,10,NA,NA,NA,NA,NA,NA,NA,1
Q16851864,NA,11,NA,NA,NA,NA,NA,NA,NA,1
Q16854049,NA,11,NA,NA,NA,NA,NA,NA,NA,1
Q16854052,NA,12,NA,NA,NA,NA,NA,NA,NA,1
Q16854175,NA,10,NA,NA,NA,NA,NA,NA,NA,1
Q17479484,NA,19,20,NA,NA,NA,NA,NA,NA,1
Q18535774,NA,19,NA,NA,NA,19,19,19,NA,1
Q18671323,NA,12,NA,NA,NA,NA,NA,NA,NA,2
Q2350777,NA,20,NA,NA,NA,20,20,20,NA,1
Q454928,NA,1,NA,NA,NA,NA,NA,NA,NA,1
Q5284,NA,0,NA,NA,NA,NA,NA,NA,NA,1
Q5362782,NA,12,NA,NA,NA,NA,NA,NA,NA,1
Q56006558,NA,14,NA,NA,NA,NA,NA,NA,NA,1
Q61278545,NA,20,21,NA,NA,NA,NA,NA,NA,1
Q61278546,NA,20,21,NA,NA,NA,NA,NA,NA,2
Q61278555,NA,19,20,NA,NA,NA,NA,NA,NA,1
Q61278561,NA,20,21,NA,NA,NA,NA,NA,NA,2
Q61278562,NA,20,21,NA,NA,NA,NA,NA,NA,2
Q61911767,NA,17,NA,NA,NA,NA,NA,NA,NA,1
Q61911768,NA,17,NA,NA,NA,NA,NA,NA,NA,1
Q684014,NA,1,NA,NA,NA,NA,NA,NA,NA,1
Q7025528,NA,19,20,NA,NA,NA,NA,NA,NA,2
Q7349061,NA,19,NA,NA,NA,19,19,19,NA,1
Q75241212,NA,18,19,NA,NA,NA,NA,NA,NA,1
Q75241243,NA,17,NA,NA,NA,NA,NA,NA,NA,1
Q75241245,NA,17,NA,NA,NA,NA,NA,NA,NA,1
Q75241246,NA,18,NA,NA,NA,NA,NA,NA,NA,2
Q75241248,NA,18,NA,NA,NA,NA,NA,NA,NA,2
Q75241249,NA,19,NA,NA,NA,NA,NA,NA,NA,3
Q75241251,NA,18,NA,NA,NA,NA,NA,NA,NA,1
Q75241252,NA,18,NA,NA,NA,NA,NA,NA,NA,1
Q75443653,NA,15,NA,NA,NA,NA,NA,NA,NA,1
Q75655386,NA,17,NA,NA,NA,NA,NA,NA,NA,1
Q75674149,NA,15,NA,NA,NA,NA,NA,NA,NA,2
Q75674455,NA,14,NA,NA,NA,NA,NA,NA,NA,1
Q75764610,NA,9,NA,NA,NA,NA,NA,NA,NA,1
Q75764611,NA,9,NA,NA,NA,NA,NA,NA,NA,1
Q75764953,NA,9,NA,NA,NA,NA,NA,NA,NA,1
Q75764954,NA,9,NA,NA,NA,NA,NA,NA,NA,1
Q75765733,NA,13,NA,NA,NA,NA,NA,NA,NA,1
Q75765734,NA,13,NA,NA,NA,NA,NA,NA,NA,1
Q75765850,NA,12,NA,NA,NA,NA,NA,NA,NA,1
Q75765852,NA,12,NA,NA,NA,NA,NA,NA,NA,1
Q75765853,NA,11,NA,NA,NA,NA,NA,NA,NA,1
Q75765858,NA,10,NA,NA,NA,NA,NA,NA,NA,1
Q75765875,NA,11,NA,NA,NA,NA,NA,NA,NA,2
Q75765878,NA,11,NA,NA,NA,NA,NA,NA,NA,2
Q75765879,NA,10,NA,NA,NA,NA,NA,NA,NA,1
Q75765881,NA,10,NA,NA,NA,NA,NA,NA,NA,1
Q75933748,NA,18,NA,NA,NA,NA,NA,NA,NA,1
Q75933749,NA,18,NA,NA,NA,NA,NA,NA,NA,1
Q75933750,NA,19,NA,NA,NA,NA,NA,NA,NA,2
Q75933752,NA,19,NA,NA,NA,NA,NA,NA,NA,2
Q75933754,NA,20,NA,NA,NA,NA,NA,NA,NA,3
Q75933755,NA,20,NA,NA,NA,NA,NA,NA,NA,3
Q75939754,NA,20,NA,NA,NA,NA,NA,NA,NA,3
Q76021504,NA,14,NA,NA,NA,NA,NA,NA,NA,1
Q76197501,NA,11,NA,NA,NA,NA,NA,NA,NA,1
Q76197503,NA,10,NA,NA,NA,NA,NA,NA,NA,1
Q76197507,NA,10,NA,NA,NA,NA,NA,NA,NA,1
Q76197509,NA,9,NA,NA,NA,NA,NA,NA,NA,1
Q76273186,NA,20,NA,NA,NA,NA,NA,NA,NA,1
Q76273214,NA,20,NA,NA,NA,NA,NA,NA,NA,1
Q76273216,NA,20,NA,NA,NA,NA,NA,NA,NA,1
Q76327639,NA,18,NA,NA,NA,NA,NA,NA,NA,1
Q76331527,NA,10,NA,NA,NA,NA,NA,NA,NA,1
Q76336657,NA,17,NA,NA,NA,NA,NA,NA,NA,1
Q76337455,NA,17,NA,NA,NA,NA,NA,NA,NA,1
Q76337456,NA,18,NA,NA,NA,NA,NA,NA,NA,2
Q7788616,NA,13,NA,NA,NA,NA,NA,NA,NA,1
Q7792250,NA,11,NA,NA,NA,NA,NA,NA,NA,1
Q8011017,NA,18,19,NA,NA,NA,NA,NA,NA,1
Q88218120,NA,13,NA,NA,NA,NA,NA,NA,NA,1
Q88218243,NA,13,NA,NA,NA,NA,NA,NA,NA,1
Q90162822,NA,12,NA,NA,NA,NA,NA,NA,NA,1
Q90162863,NA,11,NA,NA,NA,NA,NA,NA,NA,1
Q90163404,NA,11,NA,NA,NA,NA,NA,NA,NA,1
Q90177625,NA,16,NA,NA,NA,NA,NA,NA,NA,1
Q90177947,NA,14,NA,NA,NA,NA,NA,NA,NA,2
Q90178033,NA,13,NA,NA,NA,NA,NA,NA,NA,1
Q91555999,NA,12,NA,NA,NA,NA,NA,NA,NA,1
Q96199474,NA,11,NA,NA,NA,NA,NA,NA,NA,1
Q96199475,NA,11,NA,NA,NA,NA,NA,NA,NA,1
Q96199478,NA,12,NA,NA,NA,NA,NA,NA,NA,1
Q96199479,NA,13,NA,NA,NA,NA,NA,NA,NA,1
Q96199480,NA,13,NA,NA,NA,NA,NA,NA,NA,1
Q96199481,NA,12,NA,NA,NA,NA,NA,NA,NA,1
Q96201178,NA,2,NA,NA,NA,NA,NA,NA,NA,2
Q96201179,NA,3,NA,NA,NA,NA,NA,NA,NA,3
Q96201180,NA,4,NA,NA,NA,NA,NA,NA,NA,4
Q96201182,NA,5,NA,NA,NA,NA,NA,NA,NA,5
Q96201183,NA,6,NA,NA,NA,NA,NA,NA,NA,6
Q96201184,NA,7,NA,NA,NA,NA,NA,NA,NA,7
Q96201186,NA,7,NA,NA,NA,NA,NA,NA,NA,7
Q96201187,NA,6,NA,NA,NA,NA,NA,NA,NA,6
Q96201189,NA,5,NA,NA,NA,NA,NA,NA,NA,5
Q96201190,NA,4,NA,NA,NA,NA,NA,NA,NA,4
Q96201191,NA,3,NA,NA,NA,NA,NA,NA,NA,3
Q96201192,NA,2,NA,NA,NA,NA,NA,NA,NA,2
Q96201199,NA,2,NA,NA,NA,NA,NA,NA,NA,2
Q96201200,NA,3,NA,NA,NA,NA,NA,NA,NA,3
Q96201202,NA,4,NA,NA,NA,NA,NA,NA,NA,4
Q96201203,NA,4,NA,NA,NA,NA,NA,NA,NA,4
Q96201204,NA,5,NA,NA,NA,NA,NA,NA,NA,5
Q96201206,NA,6,NA,NA,NA,NA,NA,NA,NA,6
Q96201207,NA,7,NA,NA,NA,NA,NA,NA,NA,7
Q96201208,NA,7,NA,NA,NA,NA,NA,NA,NA,7
Q96201209,NA,6,NA,NA,NA,NA,NA,NA,NA,6
Q96201210,NA,5,NA,NA,NA,NA,NA,NA,NA,5
Q96201211,NA,6,NA,NA,NA,NA,NA,NA,NA,6
Q96201212,NA,7,NA,NA,NA,NA,NA,NA,NA,1
Q96201213,NA,7,NA,NA,NA,NA,NA,NA,NA,1
Q96201214,NA,6,NA,NA,NA,NA,NA,NA,NA,6
Q96201215,NA,3,NA,NA,NA,NA,NA,NA,NA,3
Q96201216,NA,4,NA,NA,NA,NA,NA,NA,NA,4
Q96201217,NA,5,NA,NA,NA,NA,NA,NA,NA,5
Q96201218,NA,5,NA,NA,NA,NA,NA,NA,NA,5
Q96201219,NA,6,NA,NA,NA,NA,NA,NA,NA,6
Q96201220,NA,7,NA,NA,NA,NA,NA,NA,NA,7
Q96201221,NA,7,NA,NA,NA,NA,NA,NA,NA,7
Q96201222,NA,6,NA,NA,NA,NA,NA,NA,NA,6
Q96201223,NA,4,NA,NA,NA,NA,NA,NA,NA,4
Q96201224,NA,2,NA,NA,NA,NA,NA,NA,NA,2
Q96201228,NA,8,NA,NA,NA,NA,NA,NA,NA,2
Q96201229,NA,9,NA,NA,NA,NA,NA,NA,NA,1
Q96201230,NA,10,NA,NA,NA,NA,NA,NA,NA,2
Q96201232,NA,13,NA,NA,NA,NA,NA,NA,NA,1
Q96201233,NA,14,NA,NA,NA,NA,NA,NA,NA,2
Q96201235,NA,14,NA,NA,NA,NA,NA,NA,NA,2
Q96201236,NA,12,NA,NA,NA,NA,NA,NA,NA,1
Q96201237,NA,13,NA,NA,NA,NA,NA,NA,NA,2
Q96201238,NA,14,NA,NA,NA,NA,NA,NA,NA,3
Q96201239,NA,14,NA,NA,NA,NA,NA,NA,NA,3
Q96201240,NA,13,NA,NA,NA,NA,NA,NA,NA,2
Q96201241,NA,10,NA,NA,NA,NA,NA,NA,NA,2
Q96201242,NA,9,NA,NA,NA,NA,NA,NA,NA,3
Q96201243,NA,8,NA,NA,NA,NA,NA,NA,NA,2
Q96209934,NA,11,NA,NA,NA,NA,NA,NA,NA,2
Q96209935,NA,11,NA,NA,NA,NA,NA,NA,NA,2
Q96209936,NA,10,NA,NA,NA,NA,NA,NA,NA,1
Q96213065,NA,15,NA,NA,NA,NA,NA,NA,NA,3
Q96213066,NA,15,NA,NA,NA,NA,NA,NA,NA,3
Q96213070,NA,15,NA,NA,NA,NA,NA,NA,NA,2
Q96213071,NA,15,NA,NA,NA,NA,NA,NA,NA,3
Q96213073,NA,15,NA,NA,NA,NA,NA,NA,NA,3
Q96213075,NA,15,NA,NA,NA,NA,NA,NA,NA,1
Q96213076,NA,15,NA,NA,NA,NA,NA,NA,NA,4
Q96213078,NA,15,NA,NA,NA,NA,NA,NA,NA,4
Q96215947,NA,14,NA,NA,NA,NA,NA,NA,NA,1
Q96215948,NA,14,NA,NA,NA,NA,NA,NA,NA,1
Q96216120,NA,15,NA,NA,NA,NA,NA,NA,NA,2
Q96216121,NA,15,NA,NA,NA,NA,NA,NA,NA,2
Q96216122,NA,15,NA,NA,NA,NA,NA,NA,NA,2
Q96216895,NA,10,NA,NA,NA,NA,NA,NA,NA,1
Q96216896,NA,11,NA,NA,NA,NA,NA,NA,NA,2
Q96216897,NA,11,NA,NA,NA,NA,NA,NA,NA,2
Q96216898,NA,10,NA,NA,NA,NA,NA,NA,NA,1
Q96216899,NA,11,NA,NA,NA,NA,NA,NA,NA,2
Q96216900,NA,11,NA,NA,NA,NA,NA,NA,NA,2
Q96217464,NA,12,NA,NA,NA,NA,NA,NA,NA,1
Q96217465,NA,12,NA,NA,NA,NA,NA,NA,NA,1
Q96217483,NA,13,NA,NA,NA,NA,NA,NA,NA,2
Q96217484,NA,14,NA,NA,NA,NA,NA,NA,NA,3
Q96217485,NA,14,NA,NA,NA,NA,NA,NA,NA,3
Q96217486,NA,13,NA,NA,NA,NA,NA,NA,NA,2
Q96237447,NA,13,NA,NA,NA,NA,NA,NA,NA,1
Q96237449,NA,13,NA,NA,NA,NA,NA,NA,NA,1
Q96305878,NA,9,NA,NA,NA,NA,NA,NA,NA,1
Q96305879,NA,9,NA,NA,NA,NA,NA,NA,NA,1
Q96318366,NA,16,NA,NA,NA,NA,NA,NA,NA,4
Q96318367,NA,17,NA,NA,NA,NA,NA,NA,NA,1
Q96318372,NA,18,NA,NA,NA,NA,NA,NA,NA,2
Q96318373,NA,17,NA,NA,NA,NA,NA,NA,NA,1
Q96318374,NA,18,NA,NA,NA,NA,NA,NA,NA,2
Q96318375,NA,16,NA,NA,NA,NA,NA,NA,NA,4
Q96318377,NA,17,NA,NA,NA,NA,NA,NA,NA,5
Q96318381,NA,16,NA,NA,NA,NA,NA,NA,NA,1
Q96318382,NA,17,NA,NA,NA,NA,NA,NA,NA,2
Q96318383,NA,18,NA,NA,NA,NA,NA,NA,NA,3
Q96318387,NA,17,NA,NA,NA,NA,NA,NA,NA,2
Q96318389,NA,16,NA,NA,NA,NA,NA,NA,NA,1
Q96318390,NA,17,NA,NA,NA,NA,NA,NA,NA,1
Q96318391,NA,18,NA,NA,NA,NA,NA,NA,NA,1
Q96318392,NA,18,NA,NA,NA,NA,NA,NA,NA,1
Q96318396,NA,17,NA,NA,NA,NA,NA,NA,NA,1
Q96318398,NA,18,NA,NA,NA,NA,NA,NA,NA,2
Q96318399,NA,18,NA,NA,NA,NA,NA,NA,NA,2
Q96318401,NA,16,NA,NA,NA,NA,NA,NA,NA,1
Q96318406,NA,17,NA,NA,NA,NA,NA,NA,NA,2
Q96318410,NA,17,NA,NA,NA,NA,NA,NA,NA,2
Q96318414,NA,18,NA,NA,NA,NA,NA,NA,NA,3
Q96318415,NA,16,NA,NA,NA,NA,NA,NA,NA,1
Q96318418,NA,18,NA,NA,NA,NA,NA,NA,NA,2
Q96318421,NA,18,NA,NA,NA,NA,NA,NA,NA,2
Q96318426,NA,18,NA,NA,NA,NA,NA,NA,NA,2
Q96318428,NA,16,NA,NA,NA,NA,NA,NA,NA,1
Q96318432,NA,17,NA,NA,NA,NA,NA,NA,NA,1
Q96318441,NA,16,NA,NA,NA,NA,NA,NA,NA,2
Q96318443,NA,16,NA,NA,NA,NA,NA,NA,NA,5
Q96318444,NA,17,NA,NA,NA,NA,NA,NA,NA,1
Q96318446,NA,18,NA,NA,NA,NA,NA,NA,NA,2
Q96318449,NA,18,NA,NA,NA,NA,NA,NA,NA,2
Q96318450,NA,17,NA,NA,NA,NA,NA,NA,NA,1
Q96318456,NA,18,NA,NA,NA,NA,NA,NA,NA,1
Q96318458,NA,16,NA,NA,NA,NA,NA,NA,NA,5
Q96318460,NA,17,NA,NA,NA,NA,NA,NA,NA,6
Q96318463,NA,17,NA,NA,NA,NA,NA,NA,NA,6
Q96346399,NA,16,NA,NA,NA,NA,NA,NA,NA,1
Q96346400,NA,16,NA,NA,NA,NA,NA,NA,NA,1
Q96414376,NA,12,NA,NA,NA,NA,NA,NA,NA,3
Q96572775,NA,15,NA,NA,NA,NA,NA,NA,NA,1
Q96572776,NA,15,NA,NA,NA,NA,NA,NA,NA,2
Q96572777,NA,15,NA,NA,NA,NA,NA,NA,NA,2
Q96572778,NA,15,NA,NA,NA,NA,NA,NA,NA,2
Q97094807,NA,8,NA,NA,NA,NA,NA,NA,NA,8
Q97094808,NA,8,NA,NA,NA,NA,NA,NA,NA,8
Q97094809,NA,9,NA,NA,NA,NA,NA,NA,NA,1
Q97094810,NA,10,NA,NA,NA,NA,NA,NA,NA,2
Q97094811,NA,10,NA,NA,NA,NA,NA,NA,NA,2
Q97094812,NA,9,NA,NA,NA,NA,NA,NA,NA,1
Q97657948,NA,14,NA,NA,NA,NA,NA,NA,NA,2
Q97657949,NA,14,NA,NA,NA,NA,NA,NA,NA,2
Q98051103,NA,12,NA,NA,NA,NA,NA,NA,NA,3
Q98051106,NA,12,NA,NA,NA,NA,NA,NA,NA,3
Q98051110,NA,12,NA,NA,NA,NA,NA,NA,NA,3
Q98051113,NA,12,NA,NA,NA,NA,NA,NA,NA,3
Q98053394,NA,16,NA,NA,NA,NA,NA,NA,NA,1
Q98053399,NA,16,NA,NA,NA,NA,NA,NA,NA,1
Q98961345,NA,16,NA,NA,NA,NA,NA,NA,NA,2
Q98961348,NA,16,NA,NA,NA,NA,NA,NA,NA,2
Q98961349,NA,16,NA,NA,NA,NA,NA,NA,NA,3
Q98961352,NA,17,NA,NA,NA,NA,NA,NA,NA,4
Q98961353,NA,16,NA,NA,NA,NA,NA,NA,NA,3
Q98961357,NA,16,NA,NA,NA,NA,NA,NA,NA,3
Q98967517,NA,19,NA,NA,NA,NA,NA,NA,NA,1
Q98967518,NA,20,NA,NA,NA,NA,NA,NA,NA,2
Q98967522,NA,20,NA,NA,NA,NA,NA,NA,NA,2
Q98967523,NA,19,NA,NA,NA,NA,NA,NA,NA,1
Q98967524,NA,20,NA,NA,NA,NA,NA,NA,NA,1
Q98967525,NA,20,NA,NA,NA,NA,NA,NA,NA,1
Q99071692,NA,20,NA,NA,NA,20,20,20,NA,1
Q99073294,NA,20,NA,NA,NA,20,20,20,NA,2
Q99073349,NA,20,NA,NA,NA,20,20,20,NA,2
Q99082377,NA,19,NA,NA,NA,NA,NA,NA,NA,1
Q99082409,NA,20,NA,NA,NA,NA,NA,NA,NA,1
Q99201233,NA,19,20,NA,NA,NA,NA,NA,NA,2
Q99690358,NA,13,NA,NA,NA,NA,NA,NA,NA,4
Q99690359,NA,14,NA,NA,NA,NA,NA,NA,NA,5
Q99690361,NA,15,NA,NA,NA,NA,NA,NA,NA,6
Q99690362,NA,13,NA,NA,NA,NA,NA,NA,NA,4
Q99690367,NA,13,NA,NA,NA,NA,NA,NA,NA,4
Q99690368,NA,13,NA,NA,NA,NA,NA,NA,NA,4
Q99769145,NA,11,NA,NA,NA,NA,NA,NA,NA,1
Q99769198,NA,10,NA,NA,NA,NA,NA,NA,NA,1
Q99769199,NA,12,NA,NA,NA,NA,NA,NA,NA,2
Q99769224,NA,9,NA,NA,NA,NA,NA,NA,NA,1
Q99769225,NA,10,NA,NA,NA,NA,NA,NA,NA,2
Q99769231,NA,8,NA,NA,NA,NA,NA,NA,NA,8
Q99769232,NA,9,NA,NA,NA,NA,NA,NA,NA,9
Q99769237,NA,10,NA,NA,NA,NA,NA,NA,NA,1
Q99769238,NA,11,NA,NA,NA,NA,NA,NA,NA,1
Q99769246,NA,8,NA,NA,NA,NA,NA,NA,NA,8
Q99902116,NA,10,NA,NA,NA,NA,NA,NA,NA,1
Q99902119,NA,11,NA,NA,NA,NA,NA,NA,NA,2
Q99902304,NA,7,NA,NA,NA,NA,NA,NA,NA,7
Q99902308,NA,8,NA,NA,NA,NA,NA,NA,NA,8
Q100145786,NA,NA,3,NA,NA,NA,NA,NA,NA,3
Q100145788,NA,NA,4,NA,NA,NA,NA,NA,NA,4
Q100145789,NA,NA,5,NA,NA,NA,NA,NA,NA,1
Q100153033,NA,NA,18,NA,NA,NA,NA,NA,NA,1
Q100153035,NA,NA,19,NA,NA,NA,NA,NA,NA,1
Q100153036,NA,NA,20,NA,NA,NA,NA,NA,NA,2
Q100153040,NA,NA,19,NA,NA,NA,NA,NA,NA,1
Q100153041,NA,NA,18,NA,NA,NA,NA,NA,NA,1
Q100153042,NA,NA,19,NA,NA,NA,NA,NA,NA,2
Q100153043,NA,NA,18,NA,NA,NA,NA,NA,NA,2
Q100153044,NA,NA,19,NA,NA,NA,NA,NA,NA,1
Q100153045,NA,NA,20,NA,NA,NA,NA,NA,NA,2
Q100153048,NA,NA,20,NA,NA,NA,NA,NA,NA,2
Q100153051,NA,NA,19,NA,NA,NA,NA,NA,NA,1
Q100153052,NA,NA,18,NA,NA,NA,NA,NA,NA,2
Q100153064,NA,NA,20,NA,NA,NA,NA,NA,NA,1
Q100447816,NA,NA,9,NA,NA,NA,NA,NA,NA,1
Q100447820,NA,NA,10,NA,NA,NA,NA,NA,NA,2
Q100447822,NA,NA,10,NA,NA,NA,NA,NA,NA,2
Q100447825,NA,NA,9,NA,NA,NA,NA,NA,NA,1
Q101231732,NA,NA,19,NA,NA,NA,NA,NA,NA,1
Q101422788,NA,NA,9,NA,NA,NA,NA,NA,NA,1
Q101422789,NA,NA,10,NA,NA,NA,NA,NA,NA,1
Q101422798,NA,NA,9,NA,NA,NA,NA,NA,NA,1
Q101422800,NA,NA,10,NA,NA,NA,NA,NA,NA,1
Q101422852,NA,NA,12,NA,NA,NA,NA,NA,NA,2
Q101422853,NA,NA,12,NA,NA,NA,NA,NA,NA,2
Q101422856,NA,NA,12,NA,NA,NA,NA,NA,NA,2
Q101422857,NA,NA,12,NA,NA,NA,NA,NA,NA,2
Q101423104,NA,NA,12,NA,NA,NA,NA,NA,NA,2
Q101423105,NA,NA,13,NA,NA,NA,NA,NA,NA,3
Q101423106,NA,NA,13,NA,NA,NA,NA,NA,NA,3
Q101423107,NA,NA,12,NA,NA,NA,NA,NA,NA,2
Q101424359,NA,NA,6,NA,NA,NA,NA,NA,NA,6
Q101424361,NA,NA,8,NA,NA,NA,NA,NA,NA,1
Q101522612,NA,NA,20,NA,NA,NA,NA,NA,NA,2
Q101522619,NA,NA,20,NA,NA,NA,NA,NA,NA,2
Q101522622,NA,NA,20,NA,NA,NA,NA,NA,NA,2
Q101522624,NA,NA,20,NA,NA,NA,NA,NA,NA,2
Q103948038,NA,NA,20,NA,NA,NA,NA,NA,NA,2
Q103948067,NA,NA,20,NA,NA,NA,NA,NA,NA,2
Q103948114,NA,NA,20,NA,NA,NA,NA,NA,NA,2
Q104038132,NA,NA,15,NA,NA,NA,NA,NA,NA,4
Q104038136,NA,NA,16,NA,NA,NA,NA,NA,NA,5
Q104038141,NA,NA,17,NA,NA,NA,NA,NA,NA,6
Q104038143,NA,NA,17,NA,NA,NA,NA,NA,NA,6
Q104038144,NA,NA,16,NA,NA,NA,NA,NA,NA,5
Q104038147,NA,NA,15,NA,NA,NA,NA,NA,NA,4
Q104038154,NA,NA,17,NA,NA,NA,NA,NA,NA,1
Q104038156,NA,NA,17,NA,NA,NA,NA,NA,NA,1
Q104038158,NA,NA,16,NA,NA,NA,NA,NA,NA,3
Q104038161,NA,NA,17,NA,NA,NA,NA,NA,NA,4
Q104038162,NA,NA,17,NA,NA,NA,NA,NA,NA,4
Q104038164,NA,NA,15,NA,NA,NA,NA,NA,NA,2
Q104038166,NA,NA,16,NA,NA,NA,NA,NA,NA,3
Q104038170,NA,NA,16,NA,NA,NA,NA,NA,NA,1
Q104038174,NA,NA,17,NA,NA,NA,NA,NA,NA,1
Q104038224,NA,NA,15,NA,NA,NA,NA,NA,NA,2
Q104038225,NA,NA,16,NA,NA,NA,NA,NA,NA,3
Q104038227,NA,NA,17,NA,NA,NA,NA,NA,NA,1
Q104038228,NA,NA,17,NA,NA,NA,NA,NA,NA,1
Q104038231,NA,NA,16,NA,NA,NA,NA,NA,NA,3
Q104038234,NA,NA,15,NA,NA,NA,NA,NA,NA,2
Q104038238,NA,NA,15,NA,NA,NA,NA,NA,NA,2
Q104038267,NA,NA,20,NA,NA,NA,NA,NA,NA,2
Q104038271,NA,NA,18,NA,NA,NA,NA,NA,NA,2
Q104038273,NA,NA,19,NA,NA,NA,NA,NA,NA,3
Q104038274,NA,NA,18,NA,NA,NA,NA,NA,NA,2
Q104038276,NA,NA,19,NA,NA,NA,NA,NA,NA,3
Q104038278,NA,NA,20,NA,NA,NA,NA,NA,NA,4
Q104038279,NA,NA,19,NA,NA,NA,NA,NA,NA,3
Q104038280,NA,NA,20,NA,NA,NA,NA,NA,NA,4
Q104038282,NA,NA,20,NA,NA,NA,NA,NA,NA,4
Q104038284,NA,NA,18,NA,NA,NA,NA,NA,NA,2
Q104038325,NA,NA,18,NA,NA,NA,NA,NA,NA,5
Q104038398,NA,NA,18,NA,NA,NA,NA,NA,NA,1
Q104038400,NA,NA,18,NA,NA,NA,NA,NA,NA,1
Q104038402,NA,NA,20,NA,NA,NA,NA,NA,NA,2
Q104038405,NA,NA,20,NA,NA,NA,NA,NA,NA,2
Q104038408,NA,NA,18,NA,NA,NA,NA,NA,NA,2
Q104038411,NA,NA,19,NA,NA,NA,NA,NA,NA,3
Q104038416,NA,NA,20,NA,NA,NA,NA,NA,NA,4
Q104038423,NA,NA,19,NA,NA,NA,NA,NA,NA,3
Q104038428,NA,NA,18,NA,NA,NA,NA,NA,NA,2
Q104038429,NA,NA,19,NA,NA,NA,NA,NA,NA,1
Q104038432,NA,NA,20,NA,NA,NA,NA,NA,NA,2
Q104038437,NA,NA,20,NA,NA,NA,NA,NA,NA,2
Q104038438,NA,NA,19,NA,NA,NA,NA,NA,NA,1
Q104038460,NA,NA,18,NA,NA,NA,NA,NA,NA,7
Q104038463,NA,NA,19,NA,NA,NA,NA,NA,NA,8
Q104038466,NA,NA,20,NA,NA,NA,NA,NA,NA,9
Q104038489,NA,NA,20,NA,NA,NA,NA,NA,NA,9
Q104038491,NA,NA,19,NA,NA,NA,NA,NA,NA,8
Q104038493,NA,NA,20,NA,NA,NA,NA,NA,NA,9
Q104038496,NA,NA,18,NA,NA,NA,NA,NA,NA,7
Q104038502,NA,NA,18,NA,NA,NA,NA,NA,NA,2
Q104038721,NA,NA,18,NA,NA,NA,NA,NA,NA,1
Q104038723,NA,NA,18,NA,NA,NA,NA,NA,NA,1
Q104038726,NA,NA,20,NA,NA,NA,NA,NA,NA,1
Q104038728,NA,NA,20,NA,NA,NA,NA,NA,NA,1
Q104038730,NA,NA,19,NA,NA,NA,NA,NA,NA,1
Q104038732,NA,NA,20,NA,NA,NA,NA,NA,NA,1
Q104038734,NA,NA,20,NA,NA,NA,NA,NA,NA,1
Q104038942,NA,NA,20,NA,NA,NA,NA,NA,NA,2
Q104472077,NA,NA,20,NA,NA,NA,NA,NA,NA,1
Q104472085,NA,NA,20,NA,NA,NA,NA,NA,NA,1
Q104551512,NA,NA,7,NA,NA,NA,NA,NA,NA,2
Q104551518,NA,NA,8,NA,NA,NA,NA,NA,NA,3
Q104913471,NA,NA,10,NA,NA,NA,NA,NA,NA,1
Q105770210,NA,NA,20,NA,NA,NA,NA,NA,NA,2
Q105770214,NA,NA,20,NA,NA,NA,NA,NA,NA,2
Q105770218,NA,NA,20,NA,NA,NA,NA,NA,NA,2
Q105801343,NA,NA,20,NA,NA,NA,NA,NA,NA,2
Q105801355,NA,NA,20,NA,NA,NA,NA,NA,NA,3
Q105801357,NA,NA,20,NA,NA,NA,NA,NA,NA,3
Q105801359,NA,NA,20,NA,NA,NA,NA,NA,NA,3
Q105805206,NA,NA,19,NA,NA,NA,NA,NA,NA,1
Q105805208,NA,NA,19,NA,NA,NA,NA,NA,NA,1
Q105872022,NA,NA,19,NA,NA,NA,NA,NA,NA,3
Q105872025,NA,NA,19,NA,NA,NA,NA,NA,NA,3
Q105872843,NA,NA,20,NA,NA,NA,NA,NA,NA,1
Q107182929,NA,NA,10,NA,NA,NA,NA,NA,NA,1
Q107182930,NA,NA,11,NA,NA,NA,NA,NA,NA,1
Q107276944,NA,NA,18,NA,NA,NA,NA,NA,NA,2
Q107276946,NA,NA,19,NA,NA,NA,NA,NA,NA,3
Q107276949,NA,NA,19,NA,NA,NA,NA,NA,NA,3
Q107276950,NA,NA,18,NA,NA,NA,NA,NA,NA,2
Q107276954,NA,NA,19,NA,NA,NA,NA,NA,NA,3
Q107276960,NA,NA,19,NA,NA,NA,NA,NA,NA,3
Q107279030,NA,NA,18,NA,NA,NA,NA,NA,NA,2
Q107279039,NA,NA,18,NA,NA,NA,NA,NA,NA,1
Q108852636,NA,NA,10,NA,NA,NA,NA,NA,NA,1
Q109852954,NA,NA,20,NA,NA,NA,NA,NA,NA,1
Q109852963,NA,NA,19,NA,NA,NA,NA,NA,NA,1
Q109852964,NA,NA,20,NA,NA,NA,NA,NA,NA,2
Q109852970,NA,NA,20,NA,NA,NA,NA,NA,NA,2
Q110103440,NA,NA,19,NA,NA,NA,NA,NA,NA,3
Q110103442,NA,NA,19,NA,NA,NA,NA,NA,NA,3
Q110103578,NA,NA,19,NA,NA,NA,NA,NA,NA,1
Q110103583,NA,NA,19,NA,NA,NA,NA,NA,NA,3
Q110103591,NA,NA,19,NA,NA,NA,NA,NA,NA,2
Q110315924,NA,NA,20,NA,NA,NA,NA,NA,NA,1
Q110315926,NA,NA,20,NA,NA,NA,NA,NA,NA,1
Q110316014,NA,NA,20,NA,NA,NA,NA,NA,NA,2
Q110426941,NA,NA,20,NA,NA,NA,NA,NA,NA,4
Q110426943,NA,NA,20,NA,NA,NA,NA,NA,NA,4
Q110426946,NA,NA,20,NA,NA,NA,NA,NA,NA,4
Q110503411,NA,NA,9,NA,NA,NA,NA,NA,NA,1
Q110503412,NA,NA,9,NA,NA,NA,NA,NA,NA,1
Q111444008,NA,NA,20,NA,NA,NA,NA,NA,NA,2
Q114341843,NA,NA,10,NA,NA,NA,NA,NA,NA,1
Q114797157,NA,NA,10,NA,NA,NA,NA,NA,NA,1
Q114797163,NA,NA,8,NA,NA,NA,NA,NA,NA,1
Q114797165,NA,NA,9,NA,NA,NA,NA,NA,NA,1
Q115575171,NA,NA,9,NA,NA,NA,NA,NA,NA,1
Q115656445,NA,NA,7,NA,NA,NA,NA,NA,NA,2
Q115656448,NA,NA,8,NA,NA,NA,NA,NA,NA,1
Q115779523,NA,NA,6,NA,NA,NA,NA,NA,NA,6
Q115779524,NA,NA,7,NA,NA,NA,NA,NA,NA,7
Q115779527,NA,NA,8,NA,NA,NA,NA,NA,NA,8
Q115779539,NA,NA,8,NA,NA,NA,NA,NA,NA,8
Q115779540,NA,NA,9,NA,NA,NA,NA,NA,NA,9
Q116054296,NA,NA,20,NA,NA,NA,NA,NA,NA,2
Q116054298,NA,NA,20,NA,NA,NA,NA,NA,NA,2
Q125223889,NA,NA,8,NA,NA,NA,NA,NA,NA,1
Q130728660,NA,NA,6,NA,NA,NA,NA,NA,NA,2
Q131299975,NA,NA,10,NA,NA,NA,NA,NA,NA,1
Q131300007,NA,NA,6,NA,NA,NA,NA,NA,NA,6
Q131300008,NA,NA,7,NA,NA,NA,NA,NA,NA,7
Q131300011,NA,NA,8,NA,NA,NA,NA,NA,NA,1
Q131300012,NA,NA,9,NA,NA,NA,NA,NA,NA,2
Q135286429,NA,NA,7,NA,NA,NA,NA,NA,NA,7
Q135286431,NA,NA,8,NA,NA,NA,NA,NA,NA,8
Q135286433,NA,NA,9,NA,NA,NA,NA,NA,NA,9
Q15441865,NA,NA,11,NA,NA,NA,NA,NA,NA,1
Q15713261,NA,NA,20,NA,NA,NA,NA,NA,NA,1
Q16833647,NA,NA,9,NA,NA,NA,NA,NA,NA,1
Q16845627,NA,NA,16,NA,NA,NA,NA,NA,NA,1
Q16859779,NA,NA,11,NA,NA,NA,NA,NA,NA,1
Q16863395,NA,NA,19,NA,NA,NA,NA,NA,NA,1
Q17138715,NA,NA,20,NA,NA,NA,NA,NA,NA,1
Q18528815,NA,NA,20,NA,NA,NA,NA,NA,NA,1
Q18681528,NA,NA,18,NA,NA,NA,NA,NA,NA,1
Q18730241,NA,NA,19,NA,NA,NA,NA,NA,NA,1
Q18875291,NA,NA,20,NA,NA,NA,NA,NA,NA,2
Q18917711,NA,NA,20,NA,NA,NA,NA,NA,NA,1
Q19288283,NA,NA,11,NA,NA,NA,NA,NA,NA,1
Q24289596,NA,NA,17,NA,NA,NA,NA,NA,NA,1
Q26221371,NA,NA,18,NA,NA,NA,NA,NA,NA,1
Q26265546,NA,NA,20,NA,NA,NA,NA,NA,NA,1
Q26709200,NA,NA,19,NA,NA,NA,NA,NA,NA,1
Q26710506,NA,NA,20,NA,NA,NA,NA,NA,NA,2
Q27956858,NA,NA,17,NA,NA,NA,NA,NA,NA,1
Q27990227,NA,NA,20,NA,NA,NA,NA,NA,NA,4
Q28064904,NA,NA,19,NA,NA,NA,NA,NA,NA,3
Q28321610,NA,NA,20,NA,NA,NA,NA,NA,NA,2
Q28321690,NA,NA,19,NA,NA,NA,NA,NA,NA,1
Q28971193,NA,NA,18,NA,NA,NA,NA,NA,NA,1
Q29025403,NA,NA,20,NA,NA,NA,NA,NA,NA,1
Q323446,NA,NA,19,NA,NA,NA,NA,NA,NA,1
Q348932,NA,NA,20,NA,NA,NA,NA,NA,NA,1
Q3806461,NA,NA,18,NA,NA,NA,NA,NA,NA,1
Q47213,NA,NA,0,NA,NA,NA,NA,NA,NA,1
Q4725858,NA,NA,20,NA,NA,NA,NA,NA,NA,2
Q4725958,NA,NA,11,NA,NA,NA,NA,NA,NA,1
Q52083630,NA,NA,19,NA,NA,NA,NA,NA,NA,1
Q52437919,NA,NA,20,NA,NA,NA,NA,NA,NA,1
Q52846541,NA,NA,15,NA,NA,NA,NA,NA,NA,2
Q5342627,NA,NA,11,NA,NA,NA,NA,NA,NA,1
Q5362776,NA,NA,19,NA,NA,NA,NA,NA,NA,1
Q5363791,NA,NA,20,NA,NA,NA,NA,NA,NA,1
Q5363805,NA,NA,20,NA,NA,NA,NA,NA,NA,1
Q53649941,NA,NA,20,NA,NA,NA,NA,NA,NA,2
Q53650143,NA,NA,19,NA,NA,NA,NA,NA,NA,1
Q5542649,NA,NA,12,NA,NA,NA,NA,NA,NA,1
Q5553473,NA,NA,19,NA,NA,NA,NA,NA,NA,1
Q5560881,NA,NA,19,NA,NA,NA,NA,NA,NA,1
Q55979202,NA,NA,1,NA,NA,NA,NA,NA,NA,1
Q5722186,NA,NA,20,NA,NA,NA,NA,NA,NA,1
Q5722188,NA,NA,19,NA,NA,NA,NA,NA,NA,1
Q61895870,NA,NA,18,NA,NA,NA,NA,NA,NA,1
Q61895872,NA,NA,18,NA,NA,NA,NA,NA,NA,1
Q61913340,NA,NA,17,NA,NA,NA,NA,NA,NA,1
Q61913341,NA,NA,17,NA,NA,NA,NA,NA,NA,1
Q6239497,NA,NA,17,NA,NA,NA,NA,NA,NA,1
Q6240414,NA,NA,13,NA,NA,NA,NA,NA,NA,1
Q6257369,NA,NA,19,NA,NA,NA,NA,NA,NA,1
Q6257374,NA,NA,20,NA,NA,NA,NA,NA,NA,1
Q6265603,NA,NA,20,NA,NA,NA,NA,NA,NA,1
Q6525377,NA,NA,10,NA,NA,NA,NA,NA,NA,1
Q6793015,NA,NA,18,NA,NA,NA,NA,NA,NA,1
Q6793454,NA,NA,20,NA,NA,NA,NA,NA,NA,1
Q6793556,NA,NA,20,NA,NA,NA,NA,NA,NA,1
Q692927,NA,NA,8,NA,NA,NA,NA,NA,NA,1
Q711992,NA,NA,19,NA,NA,NA,NA,NA,NA,1
Q723488,NA,NA,1,NA,NA,NA,NA,NA,NA,1
Q7288314,NA,NA,20,NA,NA,NA,NA,NA,NA,1
Q7324124,NA,NA,14,NA,NA,NA,NA,NA,NA,1
Q7341964,NA,NA,19,NA,NA,NA,NA,NA,NA,1
Q7350415,NA,NA,10,NA,NA,NA,NA,NA,NA,1
Q7411088,NA,NA,11,NA,NA,NA,NA,NA,NA,1
Q75241162,NA,NA,19,NA,NA,NA,NA,NA,NA,1
Q75241165,NA,NA,18,NA,NA,NA,NA,NA,NA,1
Q75241198,NA,NA,19,NA,NA,NA,NA,NA,NA,1
Q75241199,NA,NA,19,NA,NA,NA,NA,NA,NA,1
Q75241201,NA,NA,20,NA,NA,NA,NA,NA,NA,2
Q75241278,NA,NA,20,NA,NA,NA,NA,NA,NA,1
Q75266880,NA,NA,19,NA,NA,NA,NA,NA,NA,1
Q75268794,NA,NA,20,NA,NA,NA,NA,NA,NA,1
Q75268801,NA,NA,20,NA,NA,NA,NA,NA,NA,1
Q75271437,NA,NA,17,NA,NA,NA,NA,NA,NA,1
Q75271575,NA,NA,19,NA,NA,NA,NA,NA,NA,2
Q75271576,NA,NA,19,NA,NA,NA,NA,NA,NA,2
Q75271577,NA,NA,20,NA,NA,NA,NA,NA,NA,3
Q7529771,NA,NA,16,NA,NA,NA,NA,NA,NA,1
Q75351169,NA,NA,20,NA,NA,NA,NA,NA,NA,1
Q75382827,NA,NA,20,NA,NA,NA,NA,NA,NA,1
Q75400598,NA,NA,20,NA,NA,NA,NA,NA,NA,1
Q75400614,NA,NA,18,NA,NA,NA,NA,NA,NA,1
Q75401034,NA,NA,20,NA,NA,NA,NA,NA,NA,4
Q75401035,NA,NA,20,NA,NA,NA,NA,NA,NA,4
Q75401038,NA,NA,18,NA,NA,NA,NA,NA,NA,2
Q75401041,NA,NA,16,NA,NA,NA,NA,NA,NA,1
Q75401042,NA,NA,15,NA,NA,NA,NA,NA,NA,1
Q75418809,NA,NA,18,NA,NA,NA,NA,NA,NA,1
Q75418812,NA,NA,17,NA,NA,NA,NA,NA,NA,1
Q75431779,NA,NA,20,NA,NA,NA,NA,NA,NA,1
Q75446880,NA,NA,20,NA,NA,NA,NA,NA,NA,2
Q75453579,NA,NA,12,NA,NA,NA,NA,NA,NA,1
Q75509012,NA,NA,19,NA,NA,NA,NA,NA,NA,1
Q75521030,NA,NA,19,NA,NA,NA,NA,NA,NA,1
Q75521043,NA,NA,19,NA,NA,NA,NA,NA,NA,1
Q75541545,NA,NA,20,NA,NA,NA,NA,NA,NA,2
Q75558616,NA,NA,20,NA,NA,NA,NA,NA,NA,1
Q75560718,NA,NA,20,NA,NA,NA,NA,NA,NA,1
Q75560944,NA,NA,18,NA,NA,NA,NA,NA,NA,1
Q75561216,NA,NA,20,NA,NA,NA,NA,NA,NA,2
Q75565179,NA,NA,19,NA,NA,NA,NA,NA,NA,1
Q75565180,NA,NA,19,NA,NA,NA,NA,NA,NA,1
Q75565181,NA,NA,20,NA,NA,NA,NA,NA,NA,2
Q75574313,NA,NA,19,NA,NA,NA,NA,NA,NA,1
Q75574315,NA,NA,19,NA,NA,NA,NA,NA,NA,1
Q75574316,NA,NA,20,NA,NA,NA,NA,NA,NA,2
Q75586457,NA,NA,20,NA,NA,NA,NA,NA,NA,1
Q75645598,NA,NA,18,NA,NA,NA,NA,NA,NA,2
Q75645599,NA,NA,19,NA,NA,NA,NA,NA,NA,3
Q75645628,NA,NA,20,NA,NA,NA,NA,NA,NA,4
Q75718875,NA,NA,20,NA,NA,NA,NA,NA,NA,1
Q75718877,NA,NA,20,NA,NA,NA,NA,NA,NA,1
Q75765686,NA,NA,12,NA,NA,NA,NA,NA,NA,1
Q75765689,NA,NA,12,NA,NA,NA,NA,NA,NA,1
Q75765691,NA,NA,11,NA,NA,NA,NA,NA,NA,1
Q75769355,NA,NA,20,NA,NA,NA,NA,NA,NA,2
Q75769360,NA,NA,20,NA,NA,NA,NA,NA,NA,2
Q75769362,NA,NA,19,NA,NA,NA,NA,NA,NA,1
Q75769365,NA,NA,19,NA,NA,NA,NA,NA,NA,1
Q75769367,NA,NA,18,NA,NA,NA,NA,NA,NA,1
Q75771262,NA,NA,19,NA,NA,NA,NA,NA,NA,1
Q75771264,NA,NA,19,NA,NA,NA,NA,NA,NA,2
Q75771265,NA,NA,18,NA,NA,NA,NA,NA,NA,1
Q75771274,NA,NA,18,NA,NA,NA,NA,NA,NA,1
Q75775677,NA,NA,20,NA,NA,NA,NA,NA,NA,1
Q75776429,NA,NA,19,NA,NA,NA,NA,NA,NA,1
Q75776431,NA,NA,19,NA,NA,NA,NA,NA,NA,1
Q75776879,NA,NA,19,NA,NA,NA,NA,NA,NA,1
Q75776882,NA,NA,20,NA,NA,NA,NA,NA,NA,2
Q75792222,NA,NA,17,NA,NA,NA,NA,NA,NA,1
Q75827388,NA,NA,17,NA,NA,NA,NA,NA,NA,1
Q75827556,NA,NA,18,NA,NA,NA,NA,NA,NA,2
Q75827558,NA,NA,17,NA,NA,NA,NA,NA,NA,1
Q75860163,NA,NA,19,NA,NA,NA,NA,NA,NA,1
Q75860166,NA,NA,20,NA,NA,NA,NA,NA,NA,2
Q75875908,NA,NA,20,NA,NA,NA,NA,NA,NA,1
Q75908776,NA,NA,20,NA,NA,NA,NA,NA,NA,1
Q75926028,NA,NA,20,NA,NA,NA,NA,NA,NA,2
Q75926032,NA,NA,20,NA,NA,NA,NA,NA,NA,2
Q75926033,NA,NA,19,NA,NA,NA,NA,NA,NA,1
Q75926035,NA,NA,19,NA,NA,NA,NA,NA,NA,1
Q75926039,NA,NA,18,NA,NA,NA,NA,NA,NA,1
Q75926163,NA,NA,18,NA,NA,NA,NA,NA,NA,1
Q75926164,NA,NA,17,NA,NA,NA,NA,NA,NA,1
Q75926166,NA,NA,17,NA,NA,NA,NA,NA,NA,1
Q75926796,NA,NA,15,NA,NA,NA,NA,NA,NA,1
Q75926799,NA,NA,16,NA,NA,NA,NA,NA,NA,1
Q75927065,NA,NA,14,NA,NA,NA,NA,NA,NA,1
Q75927113,NA,NA,13,NA,NA,NA,NA,NA,NA,1
Q75927688,NA,NA,12,NA,NA,NA,NA,NA,NA,1
Q75927692,NA,NA,10,NA,NA,NA,NA,NA,NA,1
Q75978217,NA,NA,18,NA,NA,NA,NA,NA,NA,1
Q76153757,NA,NA,16,NA,NA,NA,NA,NA,NA,1
Q76154814,NA,NA,18,NA,NA,NA,NA,NA,NA,2
Q76154815,NA,NA,14,NA,NA,NA,NA,NA,NA,1
Q76154818,NA,NA,14,NA,NA,NA,NA,NA,NA,1
Q76165864,NA,NA,18,NA,NA,NA,NA,NA,NA,2
Q76165866,NA,NA,18,NA,NA,NA,NA,NA,NA,2
Q76165867,NA,NA,17,NA,NA,NA,NA,NA,NA,1
Q76165871,NA,NA,18,NA,NA,NA,NA,NA,NA,1
Q76165873,NA,NA,16,NA,NA,NA,NA,NA,NA,1
Q76165875,NA,NA,15,NA,NA,NA,NA,NA,NA,1
Q76165878,NA,NA,15,NA,NA,NA,NA,NA,NA,1
Q76183944,NA,NA,19,NA,NA,NA,NA,NA,NA,1
Q76183946,NA,NA,19,NA,NA,NA,NA,NA,NA,1
Q76196593,NA,NA,18,NA,NA,NA,NA,NA,NA,1
Q76201108,NA,NA,20,NA,NA,NA,NA,NA,NA,1
Q76201112,NA,NA,20,NA,NA,NA,NA,NA,NA,1
Q76201125,NA,NA,19,NA,NA,NA,NA,NA,NA,1
Q76201129,NA,NA,19,NA,NA,NA,NA,NA,NA,1
Q76329874,NA,NA,9,NA,NA,NA,NA,NA,NA,3
Q76329878,NA,NA,11,NA,NA,NA,NA,NA,NA,1
Q76329879,NA,NA,11,NA,NA,NA,NA,NA,NA,1
Q76345422,NA,NA,20,NA,NA,NA,NA,NA,NA,2
Q76353305,NA,NA,17,NA,NA,NA,NA,NA,NA,2
Q76353307,NA,NA,17,NA,NA,NA,NA,NA,NA,2
Q7787966,NA,NA,19,NA,NA,NA,NA,NA,NA,1
Q7789607,NA,NA,20,NA,NA,NA,NA,NA,NA,2
Q7791577,NA,NA,20,NA,NA,NA,NA,NA,NA,1
Q7794997,NA,NA,20,NA,NA,NA,NA,NA,NA,1
Q7965192,NA,NA,20,NA,NA,NA,NA,NA,NA,1
Q8007781,NA,NA,16,NA,NA,NA,NA,NA,NA,1
Q8009133,NA,NA,16,NA,NA,NA,NA,NA,NA,1
Q8014130,NA,NA,12,NA,NA,NA,NA,NA,NA,1
Q87653589,NA,NA,16,NA,NA,NA,NA,NA,NA,1
Q92327581,NA,NA,10,NA,NA,NA,NA,NA,NA,1
Q96075442,NA,NA,19,NA,NA,NA,NA,NA,NA,1
Q96075536,NA,NA,17,NA,NA,NA,NA,NA,NA,1
Q96075542,NA,NA,18,NA,NA,NA,NA,NA,NA,2
Q96075543,NA,NA,18,NA,NA,NA,NA,NA,NA,2
Q96075552,NA,NA,20,NA,NA,NA,NA,NA,NA,2
Q96076727,NA,NA,11,NA,NA,NA,NA,NA,NA,1
Q96198424,NA,NA,7,NA,NA,NA,NA,NA,NA,1
Q96198425,NA,NA,8,NA,NA,NA,NA,NA,NA,1
Q96198426,NA,NA,8,NA,NA,NA,NA,NA,NA,1
Q96198427,NA,NA,7,NA,NA,NA,NA,NA,NA,1
Q96198428,NA,NA,8,NA,NA,NA,NA,NA,NA,2
Q96198429,NA,NA,8,NA,NA,NA,NA,NA,NA,2
Q96199103,NA,NA,10,NA,NA,NA,NA,NA,NA,1
Q96199106,NA,NA,10,NA,NA,NA,NA,NA,NA,1
Q96201443,NA,NA,9,NA,NA,NA,NA,NA,NA,2
Q96201444,NA,NA,9,NA,NA,NA,NA,NA,NA,2
Q96201445,NA,NA,8,NA,NA,NA,NA,NA,NA,1
Q96201446,NA,NA,9,NA,NA,NA,NA,NA,NA,1
Q96201447,NA,NA,9,NA,NA,NA,NA,NA,NA,1
Q96201448,NA,NA,10,NA,NA,NA,NA,NA,NA,1
Q96201449,NA,NA,10,NA,NA,NA,NA,NA,NA,1
Q96216502,NA,NA,13,NA,NA,NA,NA,NA,NA,2
Q96216503,NA,NA,13,NA,NA,NA,NA,NA,NA,2
Q96216560,NA,NA,7,NA,NA,NA,NA,NA,NA,1
Q96216561,NA,NA,8,NA,NA,NA,NA,NA,NA,1
Q96216562,NA,NA,8,NA,NA,NA,NA,NA,NA,1
Q96216563,NA,NA,7,NA,NA,NA,NA,NA,NA,1
Q96219123,NA,NA,2,NA,NA,NA,NA,NA,NA,2
Q96219124,NA,NA,3,NA,NA,NA,NA,NA,NA,3
Q96219125,NA,NA,4,NA,NA,NA,NA,NA,NA,4
Q96219126,NA,NA,5,NA,NA,NA,NA,NA,NA,5
Q96219127,NA,NA,5,NA,NA,NA,NA,NA,NA,5
Q96219128,NA,NA,6,NA,NA,NA,NA,NA,NA,6
Q96219129,NA,NA,7,NA,NA,NA,NA,NA,NA,7
Q96219130,NA,NA,7,NA,NA,NA,NA,NA,NA,7
Q96219131,NA,NA,6,NA,NA,NA,NA,NA,NA,6
Q96219132,NA,NA,4,NA,NA,NA,NA,NA,NA,4
Q96219133,NA,NA,3,NA,NA,NA,NA,NA,NA,3
Q96219134,NA,NA,2,NA,NA,NA,NA,NA,NA,2
Q96219136,NA,NA,2,NA,NA,NA,NA,NA,NA,2
Q96219137,NA,NA,2,NA,NA,NA,NA,NA,NA,2
Q96219138,NA,NA,3,NA,NA,NA,NA,NA,NA,3
Q96219139,NA,NA,4,NA,NA,NA,NA,NA,NA,4
Q96219140,NA,NA,5,NA,NA,NA,NA,NA,NA,5
Q96219141,NA,NA,6,NA,NA,NA,NA,NA,NA,1
Q96219142,NA,NA,6,NA,NA,NA,NA,NA,NA,1
Q96219143,NA,NA,5,NA,NA,NA,NA,NA,NA,5
Q96219144,NA,NA,3,NA,NA,NA,NA,NA,NA,3
Q96219145,NA,NA,4,NA,NA,NA,NA,NA,NA,4
Q96219146,NA,NA,4,NA,NA,NA,NA,NA,NA,4
Q96219147,NA,NA,5,NA,NA,NA,NA,NA,NA,5
Q96219149,NA,NA,6,NA,NA,NA,NA,NA,NA,6
Q96219150,NA,NA,6,NA,NA,NA,NA,NA,NA,6
Q96219151,NA,NA,7,NA,NA,NA,NA,NA,NA,1
Q96219152,NA,NA,7,NA,NA,NA,NA,NA,NA,1
Q96219153,NA,NA,5,NA,NA,NA,NA,NA,NA,5
Q96219158,NA,NA,8,NA,NA,NA,NA,NA,NA,8
Q96219159,NA,NA,9,NA,NA,NA,NA,NA,NA,9
Q96219160,NA,NA,10,NA,NA,NA,NA,NA,NA,10
Q96219161,NA,NA,10,NA,NA,NA,NA,NA,NA,10
Q96219162,NA,NA,9,NA,NA,NA,NA,NA,NA,9
Q96219163,NA,NA,8,NA,NA,NA,NA,NA,NA,8
Q96219167,NA,NA,8,NA,NA,NA,NA,NA,NA,2
Q96219168,NA,NA,9,NA,NA,NA,NA,NA,NA,3
Q96219171,NA,NA,13,NA,NA,NA,NA,NA,NA,2
Q96219172,NA,NA,14,NA,NA,NA,NA,NA,NA,3
Q96219174,NA,NA,14,NA,NA,NA,NA,NA,NA,3
Q96219175,NA,NA,13,NA,NA,NA,NA,NA,NA,2
Q96219185,NA,NA,13,NA,NA,NA,NA,NA,NA,2
Q96219186,NA,NA,13,NA,NA,NA,NA,NA,NA,2
Q96219187,NA,NA,14,NA,NA,NA,NA,NA,NA,3
Q96219188,NA,NA,12,NA,NA,NA,NA,NA,NA,1
Q96219189,NA,NA,13,NA,NA,NA,NA,NA,NA,2
Q96219191,NA,NA,14,NA,NA,NA,NA,NA,NA,1
Q96219192,NA,NA,14,NA,NA,NA,NA,NA,NA,1
Q96219193,NA,NA,13,NA,NA,NA,NA,NA,NA,2
Q96219194,NA,NA,14,NA,NA,NA,NA,NA,NA,3
Q96219195,NA,NA,8,NA,NA,NA,NA,NA,NA,2
Q96237591,NA,NA,10,NA,NA,NA,NA,NA,NA,1
Q96237593,NA,NA,11,NA,NA,NA,NA,NA,NA,2
Q96237594,NA,NA,11,NA,NA,NA,NA,NA,NA,2
Q96237595,NA,NA,10,NA,NA,NA,NA,NA,NA,1
Q96237597,NA,NA,11,NA,NA,NA,NA,NA,NA,2
Q96237599,NA,NA,11,NA,NA,NA,NA,NA,NA,2
Q96322773,NA,NA,11,NA,NA,NA,NA,NA,NA,2
Q96322774,NA,NA,11,NA,NA,NA,NA,NA,NA,2
Q96322807,NA,NA,16,NA,NA,NA,NA,NA,NA,1
Q96337990,NA,NA,6,NA,NA,NA,NA,NA,NA,1
Q96337991,NA,NA,7,NA,NA,NA,NA,NA,NA,2
Q96337993,NA,NA,7,NA,NA,NA,NA,NA,NA,2
Q96480383,NA,NA,11,NA,NA,NA,NA,NA,NA,1
Q96480384,NA,NA,11,NA,NA,NA,NA,NA,NA,1
Q96480768,NA,NA,17,NA,NA,NA,NA,NA,NA,2
Q96480771,NA,NA,18,NA,NA,NA,NA,NA,NA,3
Q96480775,NA,NA,18,NA,NA,NA,NA,NA,NA,3
Q96480778,NA,NA,19,NA,NA,NA,NA,NA,NA,1
Q96480781,NA,NA,20,NA,NA,NA,NA,NA,NA,2
Q96480784,NA,NA,20,NA,NA,NA,NA,NA,NA,2
Q96480787,NA,NA,19,NA,NA,NA,NA,NA,NA,1
Q96480790,NA,NA,17,NA,NA,NA,NA,NA,NA,2
Q96778118,NA,NA,17,NA,NA,NA,NA,NA,NA,1
Q96778119,NA,NA,17,NA,NA,NA,NA,NA,NA,1
Q96985260,NA,NA,12,NA,NA,NA,NA,NA,NA,3
Q96985262,NA,NA,12,NA,NA,NA,NA,NA,NA,3
Q98103243,NA,NA,19,NA,NA,NA,NA,NA,NA,1
Q98103244,NA,NA,19,NA,NA,NA,NA,NA,NA,1
Q98103921,NA,NA,9,NA,NA,NA,NA,NA,NA,1
Q98103923,NA,NA,9,NA,NA,NA,NA,NA,NA,1
Q982472,NA,NA,20,NA,NA,NA,NA,NA,NA,2
Q98967065,NA,NA,17,NA,NA,NA,NA,NA,NA,1
Q98967073,NA,NA,19,NA,NA,NA,NA,NA,NA,1
Q98967076,NA,NA,18,NA,NA,NA,NA,NA,NA,2
Q98967081,NA,NA,17,NA,NA,NA,NA,NA,NA,1
Q98967083,NA,NA,18,NA,NA,NA,NA,NA,NA,1
Q98967088,NA,NA,18,NA,NA,NA,NA,NA,NA,1
Q98967092,NA,NA,19,NA,NA,NA,NA,NA,NA,2
Q98967094,NA,NA,19,NA,NA,NA,NA,NA,NA,2
Q98967123,NA,NA,19,NA,NA,NA,NA,NA,NA,2
Q98967126,NA,NA,19,NA,NA,NA,NA,NA,NA,2
Q98967129,NA,NA,19,NA,NA,NA,NA,NA,NA,2
Q99084425,NA,NA,20,NA,NA,NA,NA,NA,NA,1
Q99154221,NA,NA,20,NA,NA,NA,NA,NA,NA,2
Q99154226,NA,NA,20,NA,NA,NA,NA,NA,NA,1
Q99186887,NA,NA,20,NA,NA,NA,NA,NA,NA,2
Q99600448,NA,NA,9,NA,NA,NA,NA,NA,NA,1
Q99800240,NA,NA,20,NA,NA,NA,NA,NA,NA,1
Q99800348,NA,NA,20,NA,NA,NA,NA,NA,NA,1
Q99800370,NA,NA,20,NA,NA,NA,NA,NA,NA,1
Q99800408,NA,NA,20,NA,NA,NA,NA,NA,NA,1
Q99859139,NA,NA,20,NA,NA,NA,NA,NA,NA,2
Q30302765,NA,NA,NA,1,NA,NA,NA,NA,NA,2
Q92759,NA,NA,NA,0,NA,NA,NA,NA,NA,1
Q20900225,NA,NA,NA,NA,1,NA,NA,NA,NA,1
Q20900226,NA,NA,NA,NA,1,NA,NA,NA,NA,1
Q36215,NA,NA,NA,NA,0,NA,NA,NA,NA,1
Q101163257,NA,NA,NA,NA,NA,19,19,19,NA,1
Q101163261,NA,NA,NA,NA,NA,19,19,19,NA,1
Q105803191,NA,NA,NA,NA,NA,16,16,16,NA,1
Q105803193,NA,NA,NA,NA,NA,17,17,17,NA,1
Q105803194,NA,NA,NA,NA,NA,18,18,18,NA,1
Q105803195,NA,NA,NA,NA,NA,18,18,18,NA,1
Q105803196,NA,NA,NA,NA,NA,17,17,17,NA,1
Q105803198,NA,NA,NA,NA,NA,18,18,18,NA,2
Q105803199,NA,NA,NA,NA,NA,16,16,16,NA,1
Q105803201,NA,NA,NA,NA,NA,18,18,18,NA,2
Q105803202,NA,NA,NA,NA,NA,18,18,18,NA,2
Q105803203,NA,NA,NA,NA,NA,17,17,17,NA,1
Q105803204,NA,NA,NA,NA,NA,18,18,18,NA,1
Q105803205,NA,NA,NA,NA,NA,18,18,18,NA,1
Q105803210,NA,NA,NA,NA,NA,16,16,16,NA,1
Q105803219,NA,NA,NA,NA,NA,19,19,19,NA,1
Q105803226,NA,NA,NA,NA,NA,18,18,18,NA,1
Q105803227,NA,NA,NA,NA,NA,19,19,19,NA,1
Q105803228,NA,NA,NA,NA,NA,19,19,19,NA,1
Q105803230,NA,NA,NA,NA,NA,16,16,16,NA,1
Q105872162,NA,NA,NA,NA,NA,20,20,20,NA,2
Q105872165,NA,NA,NA,NA,NA,20,20,20,NA,2
Q105872168,NA,NA,NA,NA,NA,20,20,20,NA,2
Q106703059,NA,NA,NA,NA,NA,19,19,19,NA,1
Q106703060,NA,NA,NA,NA,NA,19,19,19,NA,1
Q110067842,NA,NA,NA,NA,NA,20,20,20,NA,1
Q110067846,NA,NA,NA,NA,NA,20,20,20,NA,1
Q110290233,NA,NA,NA,NA,NA,18,18,18,NA,1
Q110290234,NA,NA,NA,NA,NA,19,19,19,NA,2
Q110290288,NA,NA,NA,NA,NA,19,19,19,NA,1
Q110290321,NA,NA,NA,NA,NA,18,18,18,NA,1
Q110290322,NA,NA,NA,NA,NA,19,19,19,NA,1
Q110290323,NA,NA,NA,NA,NA,19,19,19,NA,1
Q110290324,NA,NA,NA,NA,NA,18,18,18,NA,1
Q110290325,NA,NA,NA,NA,NA,19,19,19,NA,1
Q110290326,NA,NA,NA,NA,NA,19,19,19,NA,1
Q110290327,NA,NA,NA,NA,NA,18,18,18,NA,2
Q110290328,NA,NA,NA,NA,NA,19,19,19,NA,3
Q110290366,NA,NA,NA,NA,NA,19,19,19,NA,1
Q110290367,NA,NA,NA,NA,NA,19,19,19,NA,1
Q110290410,NA,NA,NA,NA,NA,19,19,19,NA,2
Q110290411,NA,NA,NA,NA,NA,20,20,20,NA,3
Q110290412,NA,NA,NA,NA,NA,19,19,19,NA,2
Q110290413,NA,NA,NA,NA,NA,20,20,20,NA,3
Q110290421,NA,NA,NA,NA,NA,20,20,20,NA,1
Q110290454,NA,NA,NA,NA,NA,19,19,19,NA,3
Q110290455,NA,NA,NA,NA,NA,19,19,19,NA,3
Q110290456,NA,NA,NA,NA,NA,18,18,18,NA,2
Q110290457,NA,NA,NA,NA,NA,19,19,19,NA,3
Q110290458,NA,NA,NA,NA,NA,19,19,19,NA,3
Q110290459,NA,NA,NA,NA,NA,19,19,19,NA,3
Q110290483,NA,NA,NA,NA,NA,20,20,20,NA,1
Q110290485,NA,NA,NA,NA,NA,20,20,20,NA,1
Q110290493,NA,NA,NA,NA,NA,20,20,20,NA,2
Q110290494,NA,NA,NA,NA,NA,20,20,20,NA,1
Q110290495,NA,NA,NA,NA,NA,20,20,20,NA,1
Q110290503,NA,NA,NA,NA,NA,20,20,20,NA,1
Q110290504,NA,NA,NA,NA,NA,20,20,20,NA,1
Q110290505,NA,NA,NA,NA,NA,20,20,20,NA,3
Q110290793,NA,NA,NA,NA,NA,20,20,20,NA,4
Q110290794,NA,NA,NA,NA,NA,20,20,20,NA,4
Q110290795,NA,NA,NA,NA,NA,20,20,20,NA,4
Q110290796,NA,NA,NA,NA,NA,20,20,20,NA,2
Q110290797,NA,NA,NA,NA,NA,20,20,20,NA,2
Q110388722,NA,NA,NA,NA,NA,20,20,20,NA,1
Q110441213,NA,NA,NA,NA,NA,20,20,20,NA,2
Q110441214,NA,NA,NA,NA,NA,20,20,20,NA,2
Q110441658,NA,NA,NA,NA,NA,20,20,20,NA,2
Q110582468,NA,NA,NA,NA,NA,20,20,20,NA,1
Q110582483,NA,NA,NA,NA,NA,20,20,20,NA,1
Q110635501,NA,NA,NA,NA,NA,20,20,20,NA,1
Q110635502,NA,NA,NA,NA,NA,20,20,20,NA,1
Q110635503,NA,NA,NA,NA,NA,20,20,20,NA,1
Q110636422,NA,NA,NA,NA,NA,20,20,20,NA,1
Q110636451,NA,NA,NA,NA,NA,19,19,19,NA,2
Q110636453,NA,NA,NA,NA,NA,20,20,20,NA,3
Q110636772,NA,NA,NA,NA,NA,20,20,20,NA,1
Q110636774,NA,NA,NA,NA,NA,20,20,20,NA,1
Q116147492,NA,NA,NA,NA,NA,20,20,20,NA,1
Q116147493,NA,NA,NA,NA,NA,20,20,20,NA,2
Q116147503,NA,NA,NA,NA,NA,20,20,20,NA,2
Q116147509,NA,NA,NA,NA,NA,20,20,20,NA,2
Q126098269,NA,NA,NA,NA,NA,10,10,10,NA,1
Q126098283,NA,NA,NA,NA,NA,9,9,9,NA,1
Q130215751,NA,NA,NA,NA,NA,8,8,8,NA,1
Q16204119,NA,NA,NA,NA,NA,20,20,20,NA,1
Q18527485,NA,NA,NA,NA,NA,20,20,20,NA,1
Q18530899,NA,NA,NA,NA,NA,20,20,20,NA,1
Q18534239,NA,NA,NA,NA,NA,19,19,19,NA,1
Q18671789,NA,NA,NA,NA,NA,20,20,20,NA,2
Q18672619,NA,NA,NA,NA,NA,11,11,11,NA,2
Q18821787,NA,NA,NA,NA,NA,19,19,19,NA,1
Q22815213,NA,NA,NA,NA,NA,20,20,20,NA,1
Q23822714,NA,NA,NA,NA,NA,14,14,14,NA,1
Q256075,NA,NA,NA,NA,NA,1,1,1,NA,1
Q2581065,NA,NA,NA,NA,NA,19,19,19,NA,1
Q3012329,NA,NA,NA,NA,NA,20,20,20,NA,1
Q497827,NA,NA,NA,NA,NA,1,1,1,NA,1
Q51862142,NA,NA,NA,NA,NA,19,19,19,NA,1
Q52435837,NA,NA,NA,NA,NA,19,19,19,NA,1
Q56176617,NA,NA,NA,NA,NA,19,19,19,NA,1
Q56178921,NA,NA,NA,NA,NA,19,19,19,NA,1
Q5721272,NA,NA,NA,NA,NA,18,18,18,NA,1
Q61962932,NA,NA,NA,NA,NA,19,19,19,NA,1
Q61962936,NA,NA,NA,NA,NA,20,20,20,NA,2
Q61962943,NA,NA,NA,NA,NA,20,20,20,NA,1
Q61962945,NA,NA,NA,NA,NA,20,20,20,NA,1
Q61971044,NA,NA,NA,NA,NA,19,19,19,NA,2
Q61971723,NA,NA,NA,NA,NA,20,20,20,NA,1
Q61971749,NA,NA,NA,NA,NA,19,19,19,NA,2
Q61971756,NA,NA,NA,NA,NA,20,20,20,NA,1
Q6827220,NA,NA,NA,NA,NA,20,20,20,NA,1
Q7321853,NA,NA,NA,NA,NA,19,19,19,NA,1
Q7328093,NA,NA,NA,NA,NA,18,18,18,NA,1
Q7329644,NA,NA,NA,NA,NA,13,13,13,NA,1
Q741784,NA,NA,NA,NA,NA,0,NA,NA,NA,1
Q75241114,NA,NA,NA,NA,NA,20,20,20,NA,1
Q75241182,NA,NA,NA,NA,NA,18,18,18,NA,1
Q75241183,NA,NA,NA,NA,NA,18,18,18,NA,1
Q75241186,NA,NA,NA,NA,NA,18,18,18,NA,1
Q75247597,NA,NA,NA,NA,NA,20,20,20,NA,1
Q75248132,NA,NA,NA,NA,NA,20,20,20,NA,1
Q75248170,NA,NA,NA,NA,NA,19,19,19,NA,1
Q75248230,NA,NA,NA,NA,NA,18,18,18,NA,1
Q75248232,NA,NA,NA,NA,NA,18,18,18,NA,1
Q75248236,NA,NA,NA,NA,NA,17,17,17,NA,1
Q75558048,NA,NA,NA,NA,NA,20,20,20,NA,1
Q75574005,NA,NA,NA,NA,NA,17,17,17,NA,1
Q75616810,NA,NA,NA,NA,NA,20,20,20,NA,1
Q75616811,NA,NA,NA,NA,NA,20,20,20,NA,1
Q75670351,NA,NA,NA,NA,NA,19,19,19,NA,2
Q75670355,NA,NA,NA,NA,NA,20,20,20,NA,3
Q75717836,NA,NA,NA,NA,NA,20,20,20,NA,3
Q75793830,NA,NA,NA,NA,NA,15,15,15,NA,2
Q75794116,NA,NA,NA,NA,NA,15,15,15,NA,1
Q75811436,NA,NA,NA,NA,NA,17,17,17,NA,1
Q75933581,NA,NA,NA,NA,NA,18,18,18,NA,1
Q75933583,NA,NA,NA,NA,NA,19,19,19,NA,2
Q75933584,NA,NA,NA,NA,NA,19,19,19,NA,2
Q75933586,NA,NA,NA,NA,NA,20,20,20,NA,3
Q75958835,NA,NA,NA,NA,NA,20,20,20,NA,1
Q75958839,NA,NA,NA,NA,NA,20,20,20,NA,1
Q75961221,NA,NA,NA,NA,NA,20,20,20,NA,1
Q75961224,NA,NA,NA,NA,NA,20,20,20,NA,1
Q75961225,NA,NA,NA,NA,NA,19,19,19,NA,1
Q75961226,NA,NA,NA,NA,NA,20,20,20,NA,2
Q75961227,NA,NA,NA,NA,NA,19,19,19,NA,1
Q75961229,NA,NA,NA,NA,NA,18,18,18,NA,1
Q75961231,NA,NA,NA,NA,NA,19,19,19,NA,1
Q75961232,NA,NA,NA,NA,NA,18,18,18,NA,1
Q75961234,NA,NA,NA,NA,NA,17,17,17,NA,1
Q75961235,NA,NA,NA,NA,NA,18,18,18,NA,1
Q75961236,NA,NA,NA,NA,NA,17,17,17,NA,1
Q75972653,NA,NA,NA,NA,NA,20,20,20,NA,1
Q75972655,NA,NA,NA,NA,NA,20,20,20,NA,1
Q75972661,NA,NA,NA,NA,NA,20,20,20,NA,2
Q75972664,NA,NA,NA,NA,NA,20,20,20,NA,2
Q75972843,NA,NA,NA,NA,NA,19,19,19,NA,2
Q75972847,NA,NA,NA,NA,NA,18,18,18,NA,1
Q76003679,NA,NA,NA,NA,NA,19,19,19,NA,1
Q76003681,NA,NA,NA,NA,NA,20,20,20,NA,2
Q76048560,NA,NA,NA,NA,NA,20,20,20,NA,1
Q76048581,NA,NA,NA,NA,NA,17,17,17,NA,1
Q76214368,NA,NA,NA,NA,NA,20,20,20,NA,1
Q76214369,NA,NA,NA,NA,NA,20,20,20,NA,1
Q76215134,NA,NA,NA,NA,NA,20,20,20,NA,1
Q76241017,NA,NA,NA,NA,NA,19,19,19,NA,1
Q76241018,NA,NA,NA,NA,NA,19,19,19,NA,1
Q76273183,NA,NA,NA,NA,NA,20,20,20,NA,2
Q76273217,NA,NA,NA,NA,NA,20,20,20,NA,2
Q76273220,NA,NA,NA,NA,NA,20,20,20,NA,1
Q76273222,NA,NA,NA,NA,NA,19,19,19,NA,1
Q76277933,NA,NA,NA,NA,NA,19,19,19,NA,2
Q76277934,NA,NA,NA,NA,NA,19,19,19,NA,1
Q76277935,NA,NA,NA,NA,NA,20,20,20,NA,2
Q76277936,NA,NA,NA,NA,NA,20,20,20,NA,2
Q76277944,NA,NA,NA,NA,NA,19,19,19,NA,2
Q76283072,NA,NA,NA,NA,NA,14,14,14,NA,1
Q76331283,NA,NA,NA,NA,NA,12,12,12,NA,1
Q76331285,NA,NA,NA,NA,NA,12,12,12,NA,1
Q76331439,NA,NA,NA,NA,NA,20,20,20,NA,1
Q8009090,NA,NA,NA,NA,NA,18,18,18,NA,1
Q92597022,NA,NA,NA,NA,NA,2,2,2,NA,1
Q96243952,NA,NA,NA,NA,NA,10,10,10,NA,1
Q96243956,NA,NA,NA,NA,NA,11,11,11,NA,2
Q96243957,NA,NA,NA,NA,NA,10,10,10,NA,1
Q96243991,NA,NA,NA,NA,NA,15,15,15,NA,1
Q96243995,NA,NA,NA,NA,NA,16,16,16,NA,1
Q96243998,NA,NA,NA,NA,NA,17,17,17,NA,1
Q96244000,NA,NA,NA,NA,NA,18,18,18,NA,1
Q96244002,NA,NA,NA,NA,NA,18,18,18,NA,1
Q96244009,NA,NA,NA,NA,NA,19,19,19,NA,2
Q96244010,NA,NA,NA,NA,NA,17,17,17,NA,1
Q96244012,NA,NA,NA,NA,NA,16,16,16,NA,1
Q96244015,NA,NA,NA,NA,NA,17,17,17,NA,1
Q96244019,NA,NA,NA,NA,NA,17,17,17,NA,1
Q96244022,NA,NA,NA,NA,NA,18,18,18,NA,1
Q96244025,NA,NA,NA,NA,NA,20,20,20,NA,1
Q96244027,NA,NA,NA,NA,NA,20,20,20,NA,1
Q96244028,NA,NA,NA,NA,NA,19,19,19,NA,1
Q96244029,NA,NA,NA,NA,NA,18,18,18,NA,1
Q96244030,NA,NA,NA,NA,NA,15,15,15,NA,1
Q96244032,NA,NA,NA,NA,NA,14,14,14,NA,1
Q96244034,NA,NA,NA,NA,NA,15,15,15,NA,1
Q96244036,NA,NA,NA,NA,NA,16,16,16,NA,1
Q96244038,NA,NA,NA,NA,NA,17,17,17,NA,1
Q96244040,NA,NA,NA,NA,NA,18,18,18,NA,1
Q96244042,NA,NA,NA,NA,NA,19,19,19,NA,1
Q96244045,NA,NA,NA,NA,NA,20,20,20,NA,1
Q96244047,NA,NA,NA,NA,NA,20,20,20,NA,1
Q96244048,NA,NA,NA,NA,NA,19,19,19,NA,1
Q96244050,NA,NA,NA,NA,NA,18,18,18,NA,1
Q96244053,NA,NA,NA,NA,NA,17,17,17,NA,1
Q96244056,NA,NA,NA,NA,NA,16,16,16,NA,1
Q96244059,NA,NA,NA,NA,NA,15,15,15,NA,1
Q96311650,NA,NA,NA,NA,NA,8,8,8,NA,1
Q96311651,NA,NA,NA,NA,NA,9,9,9,NA,2
Q96311655,NA,NA,NA,NA,NA,13,13,13,NA,1
Q96311657,NA,NA,NA,NA,NA,13,13,13,NA,1
Q96311658,NA,NA,NA,NA,NA,13,13,13,NA,1
Q96311662,NA,NA,NA,NA,NA,9,9,9,NA,2
Q96311664,NA,NA,NA,NA,NA,8,8,8,NA,1
Q96311724,NA,NA,NA,NA,NA,2,2,2,NA,1
Q96311727,NA,NA,NA,NA,NA,3,3,3,NA,2
Q96311728,NA,NA,NA,NA,NA,4,4,4,NA,3
Q96311729,NA,NA,NA,NA,NA,4,4,4,NA,3
Q96311731,NA,NA,NA,NA,NA,5,5,5,NA,4
Q96311733,NA,NA,NA,NA,NA,5,5,5,NA,4
Q96311736,NA,NA,NA,NA,NA,6,6,6,NA,5
Q96311737,NA,NA,NA,NA,NA,6,6,6,NA,5
Q96311738,NA,NA,NA,NA,NA,7,7,7,NA,6
Q96311742,NA,NA,NA,NA,NA,7,7,7,NA,6
Q96311744,NA,NA,NA,NA,NA,3,3,3,NA,2
Q96311985,NA,NA,NA,NA,NA,20,20,20,NA,1
Q99066717,NA,NA,NA,NA,NA,17,17,17,NA,1
Q99066727,NA,NA,NA,NA,NA,17,17,17,NA,1
Q99069788,NA,NA,NA,NA,NA,18,18,18,NA,1
Q99069795,NA,NA,NA,NA,NA,19,19,19,NA,1
Q99069806,NA,NA,NA,NA,NA,20,20,20,NA,2
Q99069817,NA,NA,NA,NA,NA,20,20,20,NA,2
Q99069827,NA,NA,NA,NA,NA,19,19,19,NA,1
Q99069833,NA,NA,NA,NA,NA,20,20,20,NA,1
Q99069845,NA,NA,NA,NA,NA,20,20,20,NA,1
Q99069919,NA,NA,NA,NA,NA,18,18,18,NA,1
Q99069929,NA,NA,NA,NA,NA,19,19,19,NA,2
Q99069940,NA,NA,NA,NA,NA,20,20,20,NA,1
Q99069983,NA,NA,NA,NA,NA,19,19,19,NA,2
Q99069999,NA,NA,NA,NA,NA,20,20,20,NA,1
Q99070014,NA,NA,NA,NA,NA,20,20,20,NA,1
Q99070028,NA,NA,NA,NA,NA,18,18,18,NA,1
Q99070099,NA,NA,NA,NA,NA,19,19,19,NA,1
Q99070243,NA,NA,NA,NA,NA,18,18,18,NA,1
Q99070257,NA,NA,NA,NA,NA,19,19,19,NA,1
Q99070269,NA,NA,NA,NA,NA,18,18,18,NA,1
Q99070276,NA,NA,NA,NA,NA,19,19,19,NA,1
Q99070287,NA,NA,NA,NA,NA,19,19,19,NA,1
Q99070332,NA,NA,NA,NA,NA,17,17,17,NA,1
Q99070343,NA,NA,NA,NA,NA,18,18,18,NA,1
Q99070350,NA,NA,NA,NA,NA,19,19,19,NA,1
Q99070363,NA,NA,NA,NA,NA,19,19,19,NA,1
Q99070370,NA,NA,NA,NA,NA,18,18,18,NA,1
Q99070379,NA,NA,NA,NA,NA,19,19,19,NA,1
Q99070389,NA,NA,NA,NA,NA,19,19,19,NA,1
Q99070397,NA,NA,NA,NA,NA,17,17,17,NA,1
Q99070408,NA,NA,NA,NA,NA,18,18,18,NA,1
Q99070430,NA,NA,NA,NA,NA,19,19,19,NA,1
Q99070439,NA,NA,NA,NA,NA,19,19,19,NA,1
Q99070448,NA,NA,NA,NA,NA,18,18,18,NA,1
Q99071353,NA,NA,NA,NA,NA,20,20,20,NA,1
Q99071403,NA,NA,NA,NA,NA,20,20,20,NA,1
Q99072218,NA,NA,NA,NA,NA,20,20,20,NA,1
Q99072277,NA,NA,NA,NA,NA,20,20,20,NA,1
Q99072487,NA,NA,NA,NA,NA,20,20,20,NA,1
Q99072508,NA,NA,NA,NA,NA,20,20,20,NA,1
Q99072526,NA,NA,NA,NA,NA,20,20,20,NA,1
Q99072581,NA,NA,NA,NA,NA,20,20,20,NA,2
Q99072588,NA,NA,NA,NA,NA,20,20,20,NA,1
Q99072626,NA,NA,NA,NA,NA,20,20,20,NA,1
Q99072675,NA,NA,NA,NA,NA,20,20,20,NA,2
Q99073219,NA,NA,NA,NA,NA,20,20,20,NA,1
Q99073259,NA,NA,NA,NA,NA,20,20,20,NA,2
Q99075659,NA,NA,NA,NA,NA,19,19,19,NA,1
Q99075669,NA,NA,NA,NA,NA,20,20,20,NA,2
Q99075723,NA,NA,NA,NA,NA,20,20,20,NA,1
Q99075772,NA,NA,NA,NA,NA,20,20,20,NA,2
Q99082540,NA,NA,NA,NA,NA,19,19,19,NA,1
Q99082549,NA,NA,NA,NA,NA,20,20,20,NA,1
Q99082569,NA,NA,NA,NA,NA,19,19,19,NA,1
Q99082590,NA,NA,NA,NA,NA,20,20,20,NA,1
Q99082619,NA,NA,NA,NA,NA,20,20,20,NA,1
Q99155815,NA,NA,NA,NA,NA,20,20,20,NA,1
Q99155835,NA,NA,NA,NA,NA,20,20,20,NA,1
Q99156499,NA,NA,NA,NA,NA,18,18,18,NA,1
Q99156505,NA,NA,NA,NA,NA,19,19,19,NA,2
Q99156509,NA,NA,NA,NA,NA,20,20,20,NA,3
Q99156514,NA,NA,NA,NA,NA,20,20,20,NA,3
Q99156522,NA,NA,NA,NA,NA,19,19,19,NA,2
Q99156529,NA,NA,NA,NA,NA,20,20,20,NA,3
Q99156535,NA,NA,NA,NA,NA,18,18,18,NA,1
Q99188261,NA,NA,NA,NA,NA,20,20,20,NA,1
Q99199155,NA,NA,NA,NA,NA,20,20,20,NA,1
Q99803652,NA,NA,NA,NA,NA,14,14,14,NA,1
Q99803683,NA,NA,NA,NA,NA,16,16,16,NA,1
Q99803700,NA,NA,NA,NA,NA,17,17,17,NA,2
Q99803713,NA,NA,NA,NA,NA,18,18,18,NA,3
Q99803734,NA,NA,NA,NA,NA,19,19,19,NA,4
Q99803746,NA,NA,NA,NA,NA,19,19,19,NA,4
Q99803748,NA,NA,NA,NA,NA,18,18,18,NA,3
Q99803763,NA,NA,NA,NA,NA,18,18,18,NA,3
Q99803765,NA,NA,NA,NA,NA,17,17,17,NA,2
Q99803789,NA,NA,NA,NA,NA,16,16,16,NA,1
Q99803833,NA,NA,NA,NA,NA,19,19,19,NA,2
Q99803842,NA,NA,NA,NA,NA,19,19,19,NA,2
Q99803886,NA,NA,NA,NA,NA,17,17,17,NA,1
Q99803952,NA,NA,NA,NA,NA,16,16,16,NA,1
Q99803961,NA,NA,NA,NA,NA,17,17,17,NA,1
Q99803980,NA,NA,NA,NA,NA,18,18,18,NA,1
Q99803993,NA,NA,NA,NA,NA,19,19,19,NA,1
Q99803996,NA,NA,NA,NA,NA,19,19,19,NA,1
Q99804002,NA,NA,NA,NA,NA,18,18,18,NA,1
Q99804009,NA,NA,NA,NA,NA,17,17,17,NA,1
Q99804016,NA,NA,NA,NA,NA,16,16,16,NA,1
Q99804021,NA,NA,NA,NA,NA,14,14,14,NA,1
Q99804028,NA,NA,NA,NA,NA,15,15,15,NA,1
Q99804047,NA,NA,NA,NA,NA,16,16,16,NA,1
Q99804061,NA,NA,NA,NA,NA,17,17,17,NA,2
Q99804077,NA,NA,NA,NA,NA,19,19,19,NA,2
Q99804088,NA,NA,NA,NA,NA,19,19,19,NA,2
Q99804104,NA,NA,NA,NA,NA,18,18,18,NA,1
Q99804119,NA,NA,NA,NA,NA,17,17,17,NA,2
Q99804140,NA,NA,NA,NA,NA,19,19,19,NA,4
Q99804145,NA,NA,NA,NA,NA,19,19,19,NA,4
Q99804153,NA,NA,NA,NA,NA,16,16,16,NA,1
Q99804161,NA,NA,NA,NA,NA,17,17,17,NA,1
Q99804176,NA,NA,NA,NA,NA,18,18,18,NA,1
Q99804195,NA,NA,NA,NA,NA,19,19,19,NA,2
Q99804204,NA,NA,NA,NA,NA,19,19,19,NA,2
Q99804221,NA,NA,NA,NA,NA,18,18,18,NA,1
Q99804234,NA,NA,NA,NA,NA,19,19,19,NA,2
Q99804242,NA,NA,NA,NA,NA,19,19,19,NA,2
Q99804253,NA,NA,NA,NA,NA,17,17,17,NA,1
Q99804258,NA,NA,NA,NA,NA,18,18,18,NA,1
Q99804264,NA,NA,NA,NA,NA,19,19,19,NA,2
Q99804266,NA,NA,NA,NA,NA,19,19,19,NA,2
Q99804269,NA,NA,NA,NA,NA,18,18,18,NA,1
Q99804277,NA,NA,NA,NA,NA,19,19,19,NA,2
Q99804286,NA,NA,NA,NA,NA,19,19,19,NA,1
Q99804294,NA,NA,NA,NA,NA,15,15,15,NA,1
Q99804305,NA,NA,NA,NA,NA,16,16,16,NA,1
Q99804318,NA,NA,NA,NA,NA,17,17,17,NA,2
Q99804330,NA,NA,NA,NA,NA,18,18,18,NA,3
Q99804342,NA,NA,NA,NA,NA,19,19,19,NA,4
Q99804352,NA,NA,NA,NA,NA,19,19,19,NA,4
Q99804362,NA,NA,NA,NA,NA,18,18,18,NA,3
Q99804370,NA,NA,NA,NA,NA,19,19,19,NA,4
Q99804378,NA,NA,NA,NA,NA,17,17,17,NA,2
Q99804383,NA,NA,NA,NA,NA,18,18,18,NA,1
Q99804387,NA,NA,NA,NA,NA,19,19,19,NA,2
Q99804389,NA,NA,NA,NA,NA,19,19,19,NA,2
Q99804390,NA,NA,NA,NA,NA,18,18,18,NA,1
Q99804405,NA,NA,NA,NA,NA,19,19,19,NA,1
Q99804414,NA,NA,NA,NA,NA,19,19,19,NA,1
Q99804421,NA,NA,NA,NA,NA,16,16,16,NA,1
Q99804915,NA,NA,NA,NA,NA,15,15,15,NA,2
Q99804920,NA,NA,NA,NA,NA,16,16,16,NA,3
Q99804924,NA,NA,NA,NA,NA,15,15,15,NA,2
Q99804933,NA,NA,NA,NA,NA,14,14,14,NA,1
Q99804944,NA,NA,NA,NA,NA,15,15,15,NA,2
Q99805034,NA,NA,NA,NA,NA,20,20,20,NA,3
Q99805072,NA,NA,NA,NA,NA,20,20,20,NA,5
Q99805083,NA,NA,NA,NA,NA,20,20,20,NA,3
Q99805100,NA,NA,NA,NA,NA,20,20,20,NA,1
Q99805126,NA,NA,NA,NA,NA,20,20,20,NA,3
Q99805138,NA,NA,NA,NA,NA,20,20,20,NA,3
Q99805143,NA,NA,NA,NA,NA,20,20,20,NA,3
Q99805153,NA,NA,NA,NA,NA,20,20,20,NA,1
Q99805195,NA,NA,NA,NA,NA,20,20,20,NA,1
Q99805221,NA,NA,NA,NA,NA,20,20,20,NA,3
Q99805231,NA,NA,NA,NA,NA,20,20,20,NA,3
Q99805244,NA,NA,NA,NA,NA,20,20,20,NA,1
Q99805254,NA,NA,NA,NA,NA,20,20,20,NA,1
Q99805262,NA,NA,NA,NA,NA,20,20,20,NA,1
Q99805689,NA,NA,NA,NA,NA,20,20,20,NA,2
Q99806052,NA,NA,NA,NA,NA,20,20,20,NA,1
Q99806111,NA,NA,NA,NA,NA,20,20,20,NA,3
Q99806217,NA,NA,NA,NA,NA,20,20,20,NA,1
Q99806218,NA,NA,NA,NA,NA,20,20,20,NA,1
Q99806952,NA,NA,NA,NA,NA,20,20,20,NA,2
Q99806974,NA,NA,NA,NA,NA,20,20,20,NA,2
Q99806990,NA,NA,NA,NA,NA,20,20,20,NA,2
Q99807093,NA,NA,NA,NA,NA,20,20,20,NA,2
Q99807109,NA,NA,NA,NA,NA,20,20,20,NA,2
Q99807139,NA,NA,NA,NA,NA,20,20,20,NA,2
Q736477,NA,NA,NA,NA,NA,NA,0,NA,NA,1
Q289571,NA,NA,NA,NA,NA,NA,NA,0,NA,0
Q15791098,NA,NA,NA,NA,NA,NA,NA,NA,1,1
Q4934,NA,NA,NA,NA,NA,NA,NA,NA,0,0
